,corps
0,https://www.amazon.in/American-Tourister-AMT-SCH-02/dp/B07CJCGM1M/ref=sr_1_1?crid=2M096C61O4MLT&keywords=bags&qid=1675424363&sprefix=ba%2Caps%2C283&sr=8-1
1,https://www.amazon.in/Wesley-Milestone-Waterproof-Backpack-Business/dp/B084JGJ8PF/ref=sr_1_2?crid=2M096C61O4MLT&keywords=bags&qid=1675424363&sprefix=ba%2Caps%2C283&sr=8-2
2,https://www.amazon.in/Skybags-Brat-Black-Casual-Backpack/dp/B08Z1HHHTD/ref=sr_1_3?crid=2M096C61O4MLT&keywords=bags&qid=1675424363&sprefix=ba%2Caps%2C283&sr=8-3
3,https://www.amazon.in/Kuber-Industries-Handcrafted-Embroidered-Handbag/dp/B082VDVJGM/ref=sxin_15?asc_contentid=amzn1.osa.0538446c-4d65-4d18-896a-0a51a79ab27a.A21TJRUUN4KGV.en_IN&asc_contenttype=article&ascsubtag=amzn1.osa.0538446c-4d65-4d18-896a-0a51a79ab27a.A21TJRUUN4KGV.en_IN&content-id=amzn1.sym.feb2b32b-0085-4665-973c-36b431684408%3Aamzn1.sym.feb2b32b-0085-4665-973c-36b431684408&creativeASIN=B082VDVJGM&crid=2M096C61O4MLT&cv_ct_cx=bags&cv_ct_id=amzn1.osa.0538446c-4d65-4d18-896a-0a51a79ab27a.A21TJRUUN4KGV.en_IN&cv_ct_pg=search&cv_ct_we=asin&cv_ct_wn=osp-single-source-pecos-desktop&keywords=bags&linkCode=oas&pd_rd_i=B082VDVJGM&pd_rd_r=eb189e62-eb3d-46aa-9c00-2acf1ef66d70&pd_rd_w=LcD4F&pd_rd_wg=Y431A&pf_rd_p=feb2b32b-0085-4665-973c-36b431684408&pf_rd_r=0TGR415NAQEBVX4KYC3X&qid=1675424363&sprefix=ba%2Caps%2C283&sr=1-1-c84eb971-91f2-4a4d-acce-811265c24254&tag=idivaosp-21
4,https://www.amazon.in/Fiesto-Fashion-Womens-Handbag-FIESTO33_Blue/dp/B082Z33ZDS/ref=sxin_15?asc_contentid=amzn1.osa.0538446c-4d65-4d18-896a-0a51a79ab27a.A21TJRUUN4KGV.en_IN&asc_contenttype=article&ascsubtag=amzn1.osa.0538446c-4d65-4d18-896a-0a51a79ab27a.A21TJRUUN4KGV.en_IN&content-id=amzn1.sym.feb2b32b-0085-4665-973c-36b431684408%3Aamzn1.sym.feb2b32b-0085-4665-973c-36b431684408&creativeASIN=B082Z33ZDS&crid=2M096C61O4MLT&cv_ct_cx=bags&cv_ct_id=amzn1.osa.0538446c-4d65-4d18-896a-0a51a79ab27a.A21TJRUUN4KGV.en_IN&cv_ct_pg=search&cv_ct_we=asin&cv_ct_wn=osp-single-source-pecos-desktop&keywords=bags&linkCode=oas&pd_rd_i=B082Z33ZDS&pd_rd_r=eb189e62-eb3d-46aa-9c00-2acf1ef66d70&pd_rd_w=LcD4F&pd_rd_wg=Y431A&pf_rd_p=feb2b32b-0085-4665-973c-36b431684408&pf_rd_r=0TGR415NAQEBVX4KYC3X&qid=1675424363&sprefix=ba%2Caps%2C283&sr=1-2-c84eb971-91f2-4a4d-acce-811265c24254&tag=idivaosp-21
5,https://www.amazon.in/ADISA-women-girls-black-embroided/dp/B08RWBP3H2/ref=sxin_15?asc_contentid=amzn1.osa.0538446c-4d65-4d18-896a-0a51a79ab27a.A21TJRUUN4KGV.en_IN&asc_contenttype=article&ascsubtag=amzn1.osa.0538446c-4d65-4d18-896a-0a51a79ab27a.A21TJRUUN4KGV.en_IN&content-id=amzn1.sym.feb2b32b-0085-4665-973c-36b431684408%3Aamzn1.sym.feb2b32b-0085-4665-973c-36b431684408&creativeASIN=B08RWBP3H2&crid=2M096C61O4MLT&cv_ct_cx=bags&cv_ct_id=amzn1.osa.0538446c-4d65-4d18-896a-0a51a79ab27a.A21TJRUUN4KGV.en_IN&cv_ct_pg=search&cv_ct_we=asin&cv_ct_wn=osp-single-source-pecos-desktop&keywords=bags&linkCode=oas&pd_rd_i=B08RWBP3H2&pd_rd_r=eb189e62-eb3d-46aa-9c00-2acf1ef66d70&pd_rd_w=LcD4F&pd_rd_wg=Y431A&pf_rd_p=feb2b32b-0085-4665-973c-36b431684408&pf_rd_r=0TGR415NAQEBVX4KYC3X&qid=1675424363&sprefix=ba%2Caps%2C283&sr=1-3-c84eb971-91f2-4a4d-acce-811265c24254&tag=idivaosp-21
6,https://www.amazon.in/Lapis-Lupo-Flower-Embroidery-Handbag/dp/B07RXYSJHF/ref=sxin_15?asc_contentid=amzn1.osa.0538446c-4d65-4d18-896a-0a51a79ab27a.A21TJRUUN4KGV.en_IN&asc_contenttype=article&ascsubtag=amzn1.osa.0538446c-4d65-4d18-896a-0a51a79ab27a.A21TJRUUN4KGV.en_IN&content-id=amzn1.sym.feb2b32b-0085-4665-973c-36b431684408%3Aamzn1.sym.feb2b32b-0085-4665-973c-36b431684408&creativeASIN=B07RXYSJHF&crid=2M096C61O4MLT&cv_ct_cx=bags&cv_ct_id=amzn1.osa.0538446c-4d65-4d18-896a-0a51a79ab27a.A21TJRUUN4KGV.en_IN&cv_ct_pg=search&cv_ct_we=asin&cv_ct_wn=osp-single-source-pecos-desktop&keywords=bags&linkCode=oas&pd_rd_i=B07RXYSJHF&pd_rd_r=eb189e62-eb3d-46aa-9c00-2acf1ef66d70&pd_rd_w=LcD4F&pd_rd_wg=Y431A&pf_rd_p=feb2b32b-0085-4665-973c-36b431684408&pf_rd_r=0TGR415NAQEBVX4KYC3X&qid=1675424363&sprefix=ba%2Caps%2C283&sr=1-4-c84eb971-91f2-4a4d-acce-811265c24254&tag=idivaosp-21
7,https://www.amazon.in/ADISA-Laptop-Backpack-Office-College/dp/B09TPX22NF/ref=sr_1_4?crid=2M096C61O4MLT&keywords=bags&qid=1675424363&sprefix=ba%2Caps%2C283&sr=8-4
8,https://www.amazon.in/FUR-JADEN-Leatherette-Polypropylene-DUFF05/dp/B07M9BRCQ5/ref=sr_1_5?crid=2M096C61O4MLT&keywords=bags&qid=1675424363&sprefix=ba%2Caps%2C283&sr=8-5
9,https://www.amazon.in/Wesley-Milestone-Waterproof-Backpack-Business/dp/B07K8KLB3P/ref=sr_1_6?crid=2M096C61O4MLT&keywords=bags&qid=1675424363&sprefix=ba%2Caps%2C283&sr=8-6
10,https://www.amazon.in/Backpack-Small-Black-Water-Repellant/dp/B088XB5XY8/ref=sr_1_7?crid=2M096C61O4MLT&keywords=bags&qid=1675424363&sprefix=ba%2Caps%2C283&sr=8-7
11,https://www.amazon.in/Kleider-Travel-Business-Messenger-Shoulder/dp/B084ZHP97M/ref=sr_1_8?crid=2M096C61O4MLT&keywords=bags&qid=1675424363&sprefix=ba%2Caps%2C283&sr=8-8
12,https://www.amazon.in/Safari-Backpack-Resistant-Polyester-Travelling/dp/B09B26VHXV/ref=sr_1_9?crid=2M096C61O4MLT&keywords=bags&qid=1675424363&sprefix=ba%2Caps%2C283&sr=8-9
13,https://www.amazon.in/ADISA-BP005-Weight-Casual-Backpack/dp/B07F3X45WZ/ref=sr_1_10?crid=2M096C61O4MLT&keywords=bags&qid=1675424363&sprefix=ba%2Caps%2C283&sr=8-10
14,https://www.amazon.in/Blue-Tree-Backpack-Cartoon-Spiderman/dp/B097NH6X4C/ref=sxin_24_trfob_0_B097NH6X4C?content-id=amzn1.sym.663389f5-ce48-431d-bf46-d5a988f9fcee%3Aamzn1.sym.663389f5-ce48-431d-bf46-d5a988f9fcee&crid=2M096C61O4MLT&cv_ct_cx=bags&keywords=bags&pd_rd_i=B097NH6X4C&pd_rd_r=eb189e62-eb3d-46aa-9c00-2acf1ef66d70&pd_rd_w=t1Wks&pd_rd_wg=Y431A&pf_rd_p=663389f5-ce48-431d-bf46-d5a988f9fcee&pf_rd_r=0TGR415NAQEBVX4KYC3X&qid=1675424363&sprefix=ba%2Caps%2C283&sr=1-1-cc7a04fe-cc55-42ad-b883-1b910070c86a
15,https://www.amazon.in/School-Backpack-Cartoon-Travel-Toddler/dp/B08WWG91Q3/ref=sxin_24_trfob_1_B08WWG91Q3?content-id=amzn1.sym.663389f5-ce48-431d-bf46-d5a988f9fcee%3Aamzn1.sym.663389f5-ce48-431d-bf46-d5a988f9fcee&crid=2M096C61O4MLT&cv_ct_cx=bags&keywords=bags&pd_rd_i=B08WWG91Q3&pd_rd_r=eb189e62-eb3d-46aa-9c00-2acf1ef66d70&pd_rd_w=t1Wks&pd_rd_wg=Y431A&pf_rd_p=663389f5-ce48-431d-bf46-d5a988f9fcee&pf_rd_r=0TGR415NAQEBVX4KYC3X&qid=1675424363&sprefix=ba%2Caps%2C283&sr=1-2-cc7a04fe-cc55-42ad-b883-1b910070c86a
16,https://www.amazon.in/Blue-Tree-Velvet-Spiderman-School/dp/B07HLYW3FF/ref=sxin_24_trfob_2_B07HLYW3FF?content-id=amzn1.sym.663389f5-ce48-431d-bf46-d5a988f9fcee%3Aamzn1.sym.663389f5-ce48-431d-bf46-d5a988f9fcee&crid=2M096C61O4MLT&cv_ct_cx=bags&keywords=bags&pd_rd_i=B07HLYW3FF&pd_rd_r=eb189e62-eb3d-46aa-9c00-2acf1ef66d70&pd_rd_w=t1Wks&pd_rd_wg=Y431A&pf_rd_p=663389f5-ce48-431d-bf46-d5a988f9fcee&pf_rd_r=0TGR415NAQEBVX4KYC3X&qid=1675424363&sprefix=ba%2Caps%2C283&sr=1-3-cc7a04fe-cc55-42ad-b883-1b910070c86a
17,https://www.amazon.in/MosQuick%C2%AE-Drawstring-Organizing-Stationery-multipurpose/dp/B09SB5DP5Y/ref=sxin_24_trfob_3_B09SB5DP5Y?content-id=amzn1.sym.663389f5-ce48-431d-bf46-d5a988f9fcee%3Aamzn1.sym.663389f5-ce48-431d-bf46-d5a988f9fcee&crid=2M096C61O4MLT&cv_ct_cx=bags&keywords=bags&pd_rd_i=B09SB5DP5Y&pd_rd_r=eb189e62-eb3d-46aa-9c00-2acf1ef66d70&pd_rd_w=t1Wks&pd_rd_wg=Y431A&pf_rd_p=663389f5-ce48-431d-bf46-d5a988f9fcee&pf_rd_r=0TGR415NAQEBVX4KYC3X&qid=1675424363&sprefix=ba%2Caps%2C283&sr=1-4-cc7a04fe-cc55-42ad-b883-1b910070c86a
18,https://www.amazon.in/Amazon-Brand-Solimo-so_flingyrqba_6-Gym/dp/B084DQ182R/ref=sxin_24_trfob_4_B084DQ182R?content-id=amzn1.sym.663389f5-ce48-431d-bf46-d5a988f9fcee%3Aamzn1.sym.663389f5-ce48-431d-bf46-d5a988f9fcee&crid=2M096C61O4MLT&cv_ct_cx=bags&keywords=bags&pd_rd_i=B084DQ182R&pd_rd_r=eb189e62-eb3d-46aa-9c00-2acf1ef66d70&pd_rd_w=t1Wks&pd_rd_wg=Y431A&pf_rd_p=663389f5-ce48-431d-bf46-d5a988f9fcee&pf_rd_r=0TGR415NAQEBVX4KYC3X&qid=1675424363&sprefix=ba%2Caps%2C283&sr=1-5-cc7a04fe-cc55-42ad-b883-1b910070c86a
19,https://www.amazon.in/Backpack-Toddler-Animal-Cartoon-Travel/dp/B09H3H3898/ref=sxin_24_trfob_5_B09H3H3898?content-id=amzn1.sym.663389f5-ce48-431d-bf46-d5a988f9fcee%3Aamzn1.sym.663389f5-ce48-431d-bf46-d5a988f9fcee&crid=2M096C61O4MLT&cv_ct_cx=bags&keywords=bags&pd_rd_i=B09H3H3898&pd_rd_r=eb189e62-eb3d-46aa-9c00-2acf1ef66d70&pd_rd_w=t1Wks&pd_rd_wg=Y431A&pf_rd_p=663389f5-ce48-431d-bf46-d5a988f9fcee&pf_rd_r=0TGR415NAQEBVX4KYC3X&qid=1675424363&sprefix=ba%2Caps%2C283&sr=1-6-cc7a04fe-cc55-42ad-b883-1b910070c86a
20,https://www.amazon.in/Backpack-Toddler-Animal-Cartoon-Red-Stawberry/dp/B089WFG3BK/ref=sxin_24_trfob_6_B089WFG3BK?content-id=amzn1.sym.663389f5-ce48-431d-bf46-d5a988f9fcee%3Aamzn1.sym.663389f5-ce48-431d-bf46-d5a988f9fcee&crid=2M096C61O4MLT&cv_ct_cx=bags&keywords=bags&pd_rd_i=B089WFG3BK&pd_rd_r=eb189e62-eb3d-46aa-9c00-2acf1ef66d70&pd_rd_w=t1Wks&pd_rd_wg=Y431A&pf_rd_p=663389f5-ce48-431d-bf46-d5a988f9fcee&pf_rd_r=0TGR415NAQEBVX4KYC3X&qid=1675424363&sprefix=ba%2Caps%2C283&sr=1-7-cc7a04fe-cc55-42ad-b883-1b910070c86a
21,https://www.amazon.in/Blue-Tree-Synthetic-Cartton-Minnie/dp/B07CXXYQ5X/ref=sxin_24_trfob_7_B07CXXYQ5X?content-id=amzn1.sym.663389f5-ce48-431d-bf46-d5a988f9fcee%3Aamzn1.sym.663389f5-ce48-431d-bf46-d5a988f9fcee&crid=2M096C61O4MLT&cv_ct_cx=bags&keywords=bags&pd_rd_i=B07CXXYQ5X&pd_rd_r=eb189e62-eb3d-46aa-9c00-2acf1ef66d70&pd_rd_w=t1Wks&pd_rd_wg=Y431A&pf_rd_p=663389f5-ce48-431d-bf46-d5a988f9fcee&pf_rd_r=0TGR415NAQEBVX4KYC3X&qid=1675424363&sprefix=ba%2Caps%2C283&sr=1-8-cc7a04fe-cc55-42ad-b883-1b910070c86a
22,https://www.amazon.in/Half-Moon-Backpack-Luggage-Compartment/dp/B09VCLZ3K4/ref=sr_1_11?crid=2M096C61O4MLT&keywords=bags&qid=1675424363&sprefix=ba%2Caps%2C283&sr=8-11
23,https://www.amazon.in/AirCase-C34-Laptop-Backpack-Women/dp/B07QN4KXWG/ref=sr_1_12?crid=2M096C61O4MLT&keywords=bags&qid=1675424363&sprefix=ba%2Caps%2C283&sr=8-12
24,https://www.amazon.in/Safari-Spartan-Water-Resistant-Backpack/dp/B09B26MB5M/ref=sr_1_13?crid=2M096C61O4MLT&keywords=bags&qid=1675424363&sprefix=ba%2Caps%2C283&sr=8-13
25,https://www.amazon.in/Bennett-Mystic-Shoulder-Messenger-Repellent/dp/B08X2T2M8G/ref=sr_1_14?crid=2M096C61O4MLT&keywords=bags&qid=1675424363&sprefix=ba%2Caps%2C283&sr=8-14
26,https://www.amazon.in/ADISA-BP004-Weight-Casual-Backpack/dp/B07G3CG9FC/ref=sr_1_15?crid=2M096C61O4MLT&keywords=bags&qid=1675424363&sprefix=ba%2Caps%2C283&sr=8-15
27,https://www.amazon.in/Half-Moon-Waterproof-Backpack-Students/dp/B085MHDJ93/ref=sr_1_16?crid=2M096C61O4MLT&keywords=bags&qid=1675424363&sprefix=ba%2Caps%2C283&sr=8-16
28,https://www.amazon.in/Inovera-Label-Women-Handbags-Shoulder/dp/B08CMQD4BC/ref=sr_1_17?crid=2M096C61O4MLT&keywords=bags&qid=1675424364&sprefix=ba%2Caps%2C283&sr=8-17
29,https://www.amazon.in/Half-Moon-Backpack-Luggage-Compartment/dp/B09VCLZ3K4/ref=sr_1_18?crid=2M096C61O4MLT&keywords=bags&qid=1675424364&sprefix=ba%2Caps%2C283&sr=8-18
30,https://www.amazon.in/Nivia-6853-Polyester-Basic-Duffle/dp/B07FWQ9HRV/ref=sr_1_19?crid=2M096C61O4MLT&keywords=bags&qid=1675424364&sprefix=ba%2Caps%2C283&sr=8-19
31,https://www.amazon.in/ADISA-BP005-Weight-Casual-Backpack/dp/B07F3X45WZ/ref=sr_1_20?crid=2M096C61O4MLT&keywords=bags&qid=1675424364&sprefix=ba%2Caps%2C283&sr=8-20
32,https://www.amazon.in/SAFARI-Ltrs-Casual-Backpack-DAYPACKNEO15CBSEB/dp/B07Q7CNPMV/ref=sr_1_21?crid=2M096C61O4MLT&keywords=bags&qid=1675424364&sprefix=ba%2Caps%2C283&sr=8-21
33,https://www.amazon.in/Safari-Spartan-Water-Resistant-Backpack/dp/B09B26MB5M/ref=sr_1_22?crid=2M096C61O4MLT&keywords=bags&qid=1675424364&sprefix=ba%2Caps%2C283&sr=8-22
34,https://www.amazon.in/Storage-Disposable-Freezer-Feeding-Transparent/dp/B099ZZ57FT/ref=sr_1_23?crid=2M096C61O4MLT&keywords=bags&qid=1675424364&sprefix=ba%2Caps%2C283&sr=8-23
35,https://www.amazon.in/ADISA-BP004-Weight-Casual-Backpack/dp/B07G3CG9FC/ref=sr_1_24?crid=2M096C61O4MLT&keywords=bags&qid=1675424364&sprefix=ba%2Caps%2C283&sr=8-24
36,https://www.amazon.in/Wesley-Waterproof-Backpack-Business-Dimensions/dp/B0BMQ4D59H/ref=sr_1_25?crid=2M096C61O4MLT&keywords=bags&qid=1675424364&sprefix=ba%2Caps%2C283&sr=8-25
37,https://www.amazon.in/Safari-Laptop-Backpack-Resistant-Fabric/dp/B09B25Z8M2/ref=sr_1_26?crid=2M096C61O4MLT&keywords=bags&qid=1675424364&sprefix=ba%2Caps%2C283&sr=8-26
38,https://www.amazon.in/FUR-JADEN-Backpack-Accessories-Organiser/dp/B0BSHBH9K2/ref=sr_1_27?crid=2M096C61O4MLT&keywords=bags&qid=1675424364&sprefix=ba%2Caps%2C283&sr=8-27
39,https://www.amazon.in/Hilfiger-Joshua-Backpack-TH-JOSHUALAP01/dp/B07N8GRWTZ/ref=sr_1_28?crid=2M096C61O4MLT&keywords=bags&qid=1675424364&sprefix=ba%2Caps%2C283&sr=8-28
40,https://www.amazon.in/AirCase-C34-Laptop-Backpack-Women/dp/B07QN4KXWG/ref=sr_1_29?crid=2M096C61O4MLT&keywords=bags&qid=1675424364&sprefix=ba%2Caps%2C283&sr=8-29
41,https://www.amazon.in/Nivia-5183-Polyester-Duffle-Medium/dp/B071KNXQ7Y/ref=sr_1_30?crid=2M096C61O4MLT&keywords=bags&qid=1675424364&sprefix=ba%2Caps%2C283&sr=8-30
42,https://www.amazon.in/WILD-MODA-Womens-Shoulder-Turquoise/dp/B099PLT91X/ref=sr_1_31?crid=2M096C61O4MLT&keywords=bags&qid=1675424364&sprefix=ba%2Caps%2C283&sr=8-31
43,https://www.amazon.in/F-Gear-Raider-Marpat-Navy-Backpack/dp/B07F1157TV/ref=sr_1_32?crid=2M096C61O4MLT&keywords=bags&qid=1675424364&sprefix=ba%2Caps%2C283&sr=8-32
44,https://www.amazon.in/Red-Lemon-Backpack-Multifunctional-Charcoal/dp/B0BGSV19KZ/ref=sr_1_33?crid=2M096C61O4MLT&keywords=bags&qid=1675424366&sprefix=ba%2Caps%2C283&sr=8-33
45,https://www.amazon.in/American-Tourister-AMT-SCH-BAG01/dp/B07CJCFNZG/ref=sr_1_34?crid=2M096C61O4MLT&keywords=bags&qid=1675424366&sprefix=ba%2Caps%2C283&sr=8-34
46,https://www.amazon.in/Number-Backpack-Compartment-Charging-Organizer/dp/B09VTDMRY7/ref=sr_1_35?crid=2M096C61O4MLT&keywords=bags&qid=1675424366&sprefix=ba%2Caps%2C283&sr=8-35
47,https://www.amazon.in/Capacity-Cosmetic-Portable-Cosmetics-Organizer/dp/B0BR123Z9J/ref=sr_1_36?crid=2M096C61O4MLT&keywords=bags&qid=1675424366&sprefix=ba%2Caps%2C283&sr=8-36
48,https://www.amazon.in/Lavie-Sport-Duffle-Luggage-Trolley/dp/B097RJ22Q3/ref=sr_1_37?crid=2M096C61O4MLT&keywords=bags&qid=1675424366&sprefix=ba%2Caps%2C283&sr=8-37
49,https://www.amazon.in/Gear-Classic-Leather-Backpack-LBPCLSLTH0201/dp/B07G4F6XFH/ref=sr_1_38?crid=2M096C61O4MLT&keywords=bags&qid=1675424366&sprefix=ba%2Caps%2C283&sr=8-38
50,https://www.amazon.in/F-Gear-String-Polyester-33-cms-Black-Drawstring-Gym-Bag/dp/B07PC28YQ9/ref=sr_1_39?crid=2M096C61O4MLT&keywords=bags&qid=1675424366&sprefix=ba%2Caps%2C283&sr=8-39
51,https://www.amazon.in/SAFARI-Ltrs-Casual-Backpack-DAYPACKNEO15CBSEB/dp/B07Q7CNPMV/ref=sr_1_40?crid=2M096C61O4MLT&keywords=bags&qid=1675424366&sprefix=ba%2Caps%2C283&sr=8-40
52,https://www.amazon.in/Nivia-5183-Polyester-Duffle-Medium/dp/B071KNXQ7Y/ref=sr_1_41?crid=2M096C61O4MLT&keywords=bags&qid=1675424366&sprefix=ba%2Caps%2C283&sr=8-41
53,https://www.amazon.in/Nivia-6853BKGR-Polyester-Black-Grey/dp/B07NLB6FRS/ref=sr_1_42?crid=2M096C61O4MLT&keywords=bags&qid=1675424366&sprefix=ba%2Caps%2C283&sr=8-42
54,https://www.amazon.in/Boldfit-Travel-Accessories-Purse-Mobile/dp/B0BJZQ3ZR9/ref=sr_1_43?crid=2M096C61O4MLT&keywords=bags&qid=1675424366&sprefix=ba%2Caps%2C283&sr=8-43
55,https://www.amazon.in/Nivia-Deflate-5180BK-Polyester-Round/dp/B07222KX3S/ref=sr_1_44?crid=2M096C61O4MLT&keywords=bags&qid=1675424366&sprefix=ba%2Caps%2C283&sr=8-44
56,https://www.amazon.in/FUR-JADEN-Backpack-Accessories-Organiser/dp/B0BSHBH9K2/ref=sr_1_45?crid=2M096C61O4MLT&keywords=bags&qid=1675424366&sprefix=ba%2Caps%2C283&sr=8-45
57,https://www.amazon.in/AirCase-C34-Laptop-Backpack-Women/dp/B07QL8633G/ref=sr_1_46?crid=2M096C61O4MLT&keywords=bags&qid=1675424366&sprefix=ba%2Caps%2C283&sr=8-46
58,https://www.amazon.in/Amazon-Brand-Womens-Sling-Mustard/dp/B07XBZR7SR/ref=sr_1_47?crid=2M096C61O4MLT&keywords=bags&qid=1675424366&sprefix=ba%2Caps%2C283&sr=8-47
59,https://www.amazon.in/Skybags-Brat-Green-Casual-Backpack/dp/B08Z21W4TG/ref=sr_1_48?crid=2M096C61O4MLT&keywords=bags&qid=1675424366&sprefix=ba%2Caps%2C283&sr=8-48
60,https://www.amazon.in/AirCase-C34-Laptop-Backpack-Women/dp/B07QL8633G/ref=sr_1_49?crid=2M096C61O4MLT&keywords=bags&qid=1675424367&sprefix=ba%2Caps%2C283&sr=8-49
61,https://www.amazon.in/Skybags-Brat-Green-Casual-Backpack/dp/B08Z21W4TG/ref=sr_1_50?crid=2M096C61O4MLT&keywords=bags&qid=1675424367&sprefix=ba%2Caps%2C283&sr=8-50
62,https://www.amazon.in/Half-Moon-Waterproof-Laptop-Backpack/dp/B09QM9N1B3/ref=sr_1_51?crid=2M096C61O4MLT&keywords=bags&qid=1675424367&sprefix=ba%2Caps%2C283&sr=8-51
63,https://www.amazon.in/Step-Backpack-Small-Water-Repellant/dp/B088XG77KN/ref=sr_1_52?crid=2M096C61O4MLT&keywords=bags&qid=1675424367&sprefix=ba%2Caps%2C283&sr=8-52
64,https://www.amazon.in/Bennett-15-6-inch-College-Repellent-Backpack/dp/B09WZHX3B1/ref=sr_1_53?crid=2M096C61O4MLT&keywords=bags&qid=1675424367&sprefix=ba%2Caps%2C283&sr=8-53
65,https://www.amazon.in/Motherly-Stylish-Babies-Diaper-Mothers/dp/B07DMKJJB4/ref=sr_1_54?crid=2M096C61O4MLT&keywords=bags&qid=1675424367&sprefix=ba%2Caps%2C283&sr=8-54
66,https://www.amazon.in/NETTIE-Cotton-Carry-Strap-Drawstring/dp/B08LBT1R9J/ref=sr_1_55?crid=2M096C61O4MLT&keywords=bags&qid=1675424367&sprefix=ba%2Caps%2C283&sr=8-55
67,https://www.amazon.in/EcoRight-Womens-Reusable-Ecofriendly-0202F01/dp/B06XRQRDCY/ref=sr_1_56?crid=2M096C61O4MLT&keywords=bags&qid=1675424367&sprefix=ba%2Caps%2C283&sr=8-56
68,https://www.amazon.in/Bennett-15-6-inch-College-Repellent-Backpack/dp/B09WZKHSDR/ref=sr_1_57?crid=2M096C61O4MLT&keywords=bags&qid=1675424367&sprefix=ba%2Caps%2C283&sr=8-57
69,https://www.amazon.in/Amazon-Brand-Womens-Sling-Mustard/dp/B07XBZR7SR/ref=sr_1_58?crid=2M096C61O4MLT&keywords=bags&qid=1675424367&sprefix=ba%2Caps%2C283&sr=8-58
70,https://www.amazon.in/SIDRUM-Shoulder-Adjustable-Compatible-Mirrorless/dp/B09P74TZY8/ref=sr_1_59?crid=2M096C61O4MLT&keywords=bags&qid=1675424367&sprefix=ba%2Caps%2C283&sr=8-59
71,https://www.amazon.in/Lenovo-Laptop-Backpack-15-6-Inch-GX40Q17227/dp/B075Y6SRMG/ref=sr_1_60?crid=2M096C61O4MLT&keywords=bags&qid=1675424367&sprefix=ba%2Caps%2C283&sr=8-60
72,https://www.amazon.in/Nivia-5183-Polyester-Duffle-Medium/dp/B071KNXQ7Y/ref=sr_1_61?crid=2M096C61O4MLT&keywords=bags&qid=1675424367&sprefix=ba%2Caps%2C283&sr=8-61
73,https://www.amazon.in/Dell-Pro-Slim-Backpack-15/dp/B07PMQTB6T/ref=sr_1_62?crid=2M096C61O4MLT&keywords=bags&qid=1675424367&sprefix=ba%2Caps%2C283&sr=8-62
74,https://www.amazon.in/Asus-BP1504-15-6-inch-Laptop-Backpack/dp/B0895ZZHKK/ref=sr_1_63?crid=2M096C61O4MLT&keywords=bags&qid=1675424367&sprefix=ba%2Caps%2C283&sr=8-63
75,https://www.amazon.in/Gear-Classic-Leather-Backpack-LBPCLSLTH0201/dp/B07G4F6XFH/ref=sr_1_64?crid=2M096C61O4MLT&keywords=bags&qid=1675424367&sprefix=ba%2Caps%2C283&sr=8-64
76,https://www.amazon.in/sspa/click?ie=UTF8&spc=MTo3NjE4ODY5MTg1MTQ0MzU2OjE2NzU0MjQzNjg6c3BfYXRmX25leHQ6MjAxMDQxNDAyNjM2OTg6OjA6Og&url=%2FUrban-Tribe-Laptop-Backpack-Havana%2Fdp%2FB01LXNNFDF%2Fref%3Dsr_1_65_sspa%3Fcrid%3D2M096C61O4MLT%26keywords%3Dbags%26qid%3D1675424368%26sprefix%3Dba%252Caps%252C283%26sr%3D8-65-spons%26sp_csd%3Dd2lkZ2V0TmFtZT1zcF9hdGZfbmV4dA%26psc%3D1
77,https://www.amazon.in/sspa/click?ie=UTF8&spc=MTo3NjE4ODY5MTg1MTQ0MzU2OjE2NzU0MjQzNjg6c3BfYXRmX25leHQ6MjAxMTQ2MDgwMDgzOTg6OjA6Og&url=%2FVOKAN-Laptop-Backpack-Charging-Resistant%2Fdp%2FB0BQ3ND145%2Fref%3Dsr_1_66_sspa%3Fcrid%3D2M096C61O4MLT%26keywords%3Dbags%26qid%3D1675424368%26sprefix%3Dba%252Caps%252C283%26sr%3D8-66-spons%26sp_csd%3Dd2lkZ2V0TmFtZT1zcF9hdGZfbmV4dA%26psc%3D1
78,https://www.amazon.in/Half-Moon-Trekking-Bags-Compartment/dp/B08PSX1LN9/ref=sr_1_67?crid=2M096C61O4MLT&keywords=bags&qid=1675424368&sprefix=ba%2Caps%2C283&sr=8-67
79,https://www.amazon.in/BennettTM-Mystic-Shoulder-Messenger-Repellent/dp/B09321GJXZ/ref=sr_1_68?crid=2M096C61O4MLT&keywords=bags&qid=1675424368&sprefix=ba%2Caps%2C283&sr=8-68
80,https://www.amazon.in/Wildcraft-Packs18-Laptop-Backpack-Streak/dp/B07FC4D9B5/ref=sr_1_69_mod_primary_new?crid=2M096C61O4MLT&keywords=bags&qid=1675424368&sbo=RZvfv%2F%2FHxDF%2BO5021pAnSA%3D%3D&sprefix=ba%2Caps%2C283&sr=8-69
81,https://www.amazon.in/Wildcraft-Packs18-Laptop-Backpack-Streak/dp/B07FC4D9B5/ref=sr_1_69_mod_new?crid=2M096C61O4MLT&keywords=bags&qid=1675424368&sbo=RZvfv%2F%2FHxDF%2BO5021pAnSA%3D%3D&sprefix=ba%2Caps%2C283&sr=8-69
82,https://www.amazon.in/FUR-JADEN-Backpack-Accessories-Organiser/dp/B0BSHBH9K2/ref=sr_1_70?crid=2M096C61O4MLT&keywords=bags&qid=1675424368&sprefix=ba%2Caps%2C283&sr=8-70
83,https://www.amazon.in/PETRICE-Multifunctional-Travel-Makeup-Organiser/dp/B07W22LC2D/ref=sr_1_71?crid=2M096C61O4MLT&keywords=bags&qid=1675424368&sprefix=ba%2Caps%2C283&sr=8-71
84,https://www.amazon.in/GOCART-LOGO-Backpack-Briefcase-Convertible/dp/B0822H451W/ref=sr_1_72?crid=2M096C61O4MLT&keywords=bags&qid=1675424368&sprefix=ba%2Caps%2C283&sr=8-72
85,https://www.amazon.in/Capacity-Cosmetic-Portable-Cosmetics-Organizer/dp/B0BK922Y5N/ref=sr_1_73?crid=2M096C61O4MLT&keywords=bags&qid=1675424368&sprefix=ba%2Caps%2C283&sr=8-73
86,https://www.amazon.in/HP-Lightweight-100-Black-Backpack/dp/B08CY1YXCK/ref=sr_1_74?crid=2M096C61O4MLT&keywords=bags&qid=1675424368&sprefix=ba%2Caps%2C283&sr=8-74
87,https://www.amazon.in/sspa/click?ie=UTF8&spc=MTo3NjE4ODY5MTg1MTQ0MzU2OjE2NzU0MjQzNjg6c3BfbXRmOjIwMTE0NjA4MDA3NDk4OjowOjo&url=%2FVOKAN-Laptop-Backpack-Charging-Resistant%2Fdp%2FB0BQJLHLXZ%2Fref%3Dsr_1_75_sspa%3Fcrid%3D2M096C61O4MLT%26keywords%3Dbags%26qid%3D1675424368%26sprefix%3Dba%252Caps%252C283%26sr%3D8-75-spons%26sp_csd%3Dd2lkZ2V0TmFtZT1zcF9tdGY%26psc%3D1
88,https://www.amazon.in/sspa/click?ie=UTF8&spc=MTo3NjE4ODY5MTg1MTQ0MzU2OjE2NzU0MjQzNjg6c3BfbXRmOjIwMDc4OTIwNzc5Mzk4OjowOjo&url=%2FScanSmart-Backpack-Designed-blend-function-612014%2Fdp%2FB09V1GJ7D6%2Fref%3Dsr_1_76_sspa%3Fcrid%3D2M096C61O4MLT%26keywords%3Dbags%26qid%3D1675424368%26sprefix%3Dba%252Caps%252C283%26sr%3D8-76-spons%26sp_csd%3Dd2lkZ2V0TmFtZT1zcF9tdGY%26psc%3D1
89,https://www.amazon.in/Zipline-Nexa-Resistant-Bagpack-Backpack/dp/B08WQ668WJ/ref=sr_1_77?crid=2M096C61O4MLT&keywords=bags&qid=1675424368&sprefix=ba%2Caps%2C283&sr=8-77
90,https://www.amazon.in/ZIPLINE-Polyester-Backpack-Children-Daypack/dp/B07XVMR33Q/ref=sr_1_78?crid=2M096C61O4MLT&keywords=bags&qid=1675424368&sprefix=ba%2Caps%2C283&sr=8-78
91,https://www.amazon.in/Lenovo-15-6-Inches-Everyday-Backpack/dp/B08R7RPVJF/ref=sr_1_79?crid=2M096C61O4MLT&keywords=bags&qid=1675424368&sprefix=ba%2Caps%2C283&sr=8-79
92,https://www.amazon.in/FATMUG-Laptop-Bag-Men-Convertible/dp/B084LF4RT5/ref=sr_1_80?crid=2M096C61O4MLT&keywords=bags&qid=1675424368&sprefix=ba%2Caps%2C283&sr=8-80
93,https://www.amazon.in/Trajectory-Elegant-15-6-Laptop-Office/dp/B09RK6NCGC/ref=sr_1_81?crid=2M096C61O4MLT&keywords=bags&qid=1675424368&sprefix=ba%2Caps%2C283&sr=8-81
94,https://www.amazon.in/Wesley-Briefcase-Professional-Messenger-Resistant/dp/B08K7PN23C/ref=sr_1_82?crid=2M096C61O4MLT&keywords=bags&qid=1675424368&sprefix=ba%2Caps%2C283&sr=8-82
95,https://www.amazon.in/Motherly-Diaper-Bags-Travel-Basic/dp/B07PKQ3WJZ/ref=sr_1_83?crid=2M096C61O4MLT&keywords=bags&qid=1675424368&sprefix=ba%2Caps%2C283&sr=8-83
96,https://www.amazon.in/Bagneeds-Synthetic-Leather-Briefcase-Messenger/dp/B0855F8174/ref=sr_1_84?crid=2M096C61O4MLT&keywords=bags&qid=1675424368&sprefix=ba%2Caps%2C283&sr=8-84
97,https://www.amazon.in/sspa/click?ie=UTF8&spc=MTo3NjE4ODY5MTg1MTQ0MzU2OjE2NzU0MjQzNjg6c3BfYnRmOjIwMTA0MTQwMjY0Mjk4OjowOjo&url=%2FURBAN-TRIBE-Move-Backpack-Repellent%2Fdp%2FB0BP1QM6W5%2Fref%3Dsr_1_85_sspa%3Fcrid%3D2M096C61O4MLT%26keywords%3Dbags%26qid%3D1675424368%26sprefix%3Dba%252Caps%252C283%26sr%3D8-85-spons%26sp_csd%3Dd2lkZ2V0TmFtZT1zcF9idGY%26psc%3D1%26smid%3DA385M0TPSNV7VS
98,https://www.amazon.in/sspa/click?ie=UTF8&spc=MTo3NjE4ODY5MTg1MTQ0MzU2OjE2NzU0MjQzNjg6c3BfYnRmOjIwMTA3NTk1NzIyMzk4OjowOjo&url=%2FHEROZ-Backpack-Resistant-Durable-Notebook%2Fdp%2FB08BYQZYYC%2Fref%3Dsr_1_86_sspa%3Fcrid%3D2M096C61O4MLT%26keywords%3Dbags%26qid%3D1675424368%26sprefix%3Dba%252Caps%252C283%26sr%3D8-86-spons%26sp_csd%3Dd2lkZ2V0TmFtZT1zcF9idGY%26psc%3D1
99,https://www.amazon.in/Tabelito-Laptop-Backpack-15-6-inch-Repellent/dp/B08Y3KCN32/ref=sr_1_81?crid=2M096C61O4MLT&keywords=bags&qid=1675424369&sprefix=ba%2Caps%2C283&sr=8-81
100,https://www.amazon.in/ALIZA-Womens-Tote-Bag-Black/dp/B08JJ8RQNR/ref=sr_1_82?crid=2M096C61O4MLT&keywords=bags&qid=1675424369&sprefix=ba%2Caps%2C283&sr=8-82
101,https://www.amazon.in/Tabelito-Office-Laptop-Briefcase-Women/dp/B08FKXCJNQ/ref=sr_1_83?crid=2M096C61O4MLT&keywords=bags&qid=1675424369&sprefix=ba%2Caps%2C283&sr=8-83
102,https://www.amazon.in/Protecta-Professional-15-6-inch-Briefcase-Geometric/dp/B07GNCRCP4/ref=sr_1_84?crid=2M096C61O4MLT&keywords=bags&qid=1675424369&sprefix=ba%2Caps%2C283&sr=8-84
103,https://www.amazon.in/American-Tourister-Polypropylene-LG4-08/dp/B0BB2LX7LW/ref=sr_1_85?crid=2M096C61O4MLT&keywords=bags&qid=1675424369&sprefix=ba%2Caps%2C283&sr=8-85
104,https://www.amazon.in/Lenovo-Laptop-Backpack-15-6-Inch-GX40Q17225/dp/B075Y72PHZ/ref=sr_1_86?crid=2M096C61O4MLT&keywords=bags&qid=1675424369&sprefix=ba%2Caps%2C283&sr=8-86
105,https://www.amazon.in/YuvKuz-TM-Infocus-Digitizer-Assembly/dp/B07MXNWTB2/ref=sr_1_87?crid=2M096C61O4MLT&keywords=bags&qid=1675424369&sprefix=ba%2Caps%2C283&sr=8-87
106,https://www.amazon.in/Gear-Polyester-Travel-Duffle-DUFCRSTNG0406/dp/B075MMWRW6/ref=sr_1_88?crid=2M096C61O4MLT&keywords=bags&qid=1675424369&sprefix=ba%2Caps%2C283&sr=8-88
107,https://www.amazon.in/Alifiya-Polyester-MacBook-Charger-Grey_L26/dp/B09GP79C4C/ref=sr_1_89?crid=2M096C61O4MLT&keywords=bags&qid=1675424369&sprefix=ba%2Caps%2C283&sr=8-89
108,https://www.amazon.in/Shalimar-Capacity-Travel-Storage-Duffel/dp/B09TPHFMX7/ref=sr_1_90?crid=2M096C61O4MLT&keywords=bags&qid=1675424369&sprefix=ba%2Caps%2C283&sr=8-90
109,https://www.amazon.in/SIDRUM-Shoulder-Adjustable-Compatible-Mirrorless/dp/B09SHTBFQF/ref=sr_1_91?crid=2M096C61O4MLT&keywords=bags&qid=1675424369&sprefix=ba%2Caps%2C283&sr=8-91
110,https://www.amazon.in/FATMUG-Laptop-Bag-Men-Convertible/dp/B084LF4RT5/ref=sr_1_92?crid=2M096C61O4MLT&keywords=bags&qid=1675424369&sprefix=ba%2Caps%2C283&sr=8-92
111,https://www.amazon.in/Wildcraft-Turnaround-Polyester-Laptop-8903340000000/dp/B012D4QWES/ref=sr_1_93?crid=2M096C61O4MLT&keywords=bags&qid=1675424369&sprefix=ba%2Caps%2C283&sr=8-93
112,https://www.amazon.in/Fostelo-Style-Diva-Womens-Handbag/dp/B00Z0NMFKU/ref=sr_1_94?crid=2M096C61O4MLT&keywords=bags&qid=1675424369&sprefix=ba%2Caps%2C283&sr=8-94
113,https://www.amazon.in/Veneer-Business-Briefcase-Resistant-Messenger/dp/B08Z619V6Z/ref=sr_1_95?crid=2M096C61O4MLT&keywords=bags&qid=1675424369&sprefix=ba%2Caps%2C283&sr=8-95
114,https://www.amazon.in/Baggit-Womens-Hobo-Handbag-Green/dp/B097C2T2DS/ref=sr_1_96?crid=2M096C61O4MLT&keywords=bags&qid=1675424369&sprefix=ba%2Caps%2C283&sr=8-96
115,https://www.amazon.in/Wildcraft-Wolf_Blk-Casual-Backpack-11629-Wolf_Blk/dp/B079DDT65R/ref=sr_1_97?crid=2M096C61O4MLT&keywords=bags&qid=1675424370&sprefix=ba%2Caps%2C283&sr=8-97
116,https://www.amazon.in/House-Quirk-Hanging-Toiletry-Organizer/dp/B072MH8KBB/ref=sr_1_98?crid=2M096C61O4MLT&keywords=bags&qid=1675424370&sprefix=ba%2Caps%2C283&sr=8-98
117,https://www.amazon.in/AUXTER-BLACKY-Duffel-Emboss-Black/dp/B07F2H25NP/ref=sr_1_99?crid=2M096C61O4MLT&keywords=bags&qid=1675424370&sprefix=ba%2Caps%2C283&sr=8-99
118,https://www.amazon.in/Urban-Tribe-Laptop-Backpack-Havana/dp/B01LXNNFDF/ref=sr_1_100?crid=2M096C61O4MLT&keywords=bags&qid=1675424370&sprefix=ba%2Caps%2C283&sr=8-100
119,https://www.amazon.in/Wesley-briefcase-professional-Briefcase-messenger/dp/B0BJVDN7VT/ref=sr_1_101?crid=2M096C61O4MLT&keywords=bags&qid=1675424370&sprefix=ba%2Caps%2C283&sr=8-101
120,https://www.amazon.in/Genie-Spritz-Daypack-Fashion-Backpack/dp/B083ZDT8SD/ref=sr_1_102?crid=2M096C61O4MLT&keywords=bags&qid=1675424370&sprefix=ba%2Caps%2C283&sr=8-102
121,https://www.amazon.in/Red-Lemon-Polyester-15-6-inch-Waterproof/dp/B07XYY2FW4/ref=sr_1_103?crid=2M096C61O4MLT&keywords=bags&qid=1675424370&sprefix=ba%2Caps%2C283&sr=8-103
122,https://www.amazon.in/Pigeon-Breast-Milk-Storage-Pieces/dp/B01M5DGMZ9/ref=sr_1_104_mod_primary_new?crid=2M096C61O4MLT&keywords=bags&qid=1675424370&sbo=RZvfv%2F%2FHxDF%2BO5021pAnSA%3D%3D&sprefix=ba%2Caps%2C283&sr=8-104
123,https://www.amazon.in/Pigeon-Breast-Milk-Storage-Pieces/dp/B01M5DGMZ9/ref=sr_1_104_mod_new?crid=2M096C61O4MLT&keywords=bags&qid=1675424370&sbo=RZvfv%2F%2FHxDF%2BO5021pAnSA%3D%3D&sprefix=ba%2Caps%2C283&sr=8-104
124,https://www.amazon.in/Isle-Locada-Hidesign-Womens-Purple/dp/B07T97R1H1/ref=sr_1_105?crid=2M096C61O4MLT&keywords=bags&qid=1675424370&sprefix=ba%2Caps%2C283&sr=8-105
125,https://www.amazon.in/Storage-Disposable-Freezer-Feeding-Transparent/dp/B099ZZ57FT/ref=sr_1_106?crid=2M096C61O4MLT&keywords=bags&qid=1675424370&sprefix=ba%2Caps%2C283&sr=8-106
126,https://www.amazon.in/Genie-Clara-Backpack-Women-compartments/dp/B097JJGR1N/ref=sr_1_107?crid=2M096C61O4MLT&keywords=bags&qid=1675424370&sprefix=ba%2Caps%2C283&sr=8-107
127,https://www.amazon.in/F-Gear-Enzo-Red-Sports-Waist-Bag/dp/B0862LF7HS/ref=sr_1_108?crid=2M096C61O4MLT&keywords=bags&qid=1675424370&sprefix=ba%2Caps%2C283&sr=8-108
128,https://www.amazon.in/PALAY%C2%AE-Crossbody-Mobile-Leather-Shoulder/dp/B09GYGRB56/ref=sr_1_109?crid=2M096C61O4MLT&keywords=bags&qid=1675424370&sprefix=ba%2Caps%2C283&sr=8-109
129,https://www.amazon.in/Nivia-5177BK-Polyester-String-Black/dp/B071XM6PSM/ref=sr_1_110?crid=2M096C61O4MLT&keywords=bags&qid=1675424370&sprefix=ba%2Caps%2C283&sr=8-110
130,https://www.amazon.in/Amazon-Brand-Backpack-15-6-inch-Laptops/dp/B076QFBFRG/ref=sr_1_111?crid=2M096C61O4MLT&keywords=bags&qid=1675424370&sprefix=ba%2Caps%2C283&sr=8-111
131,https://www.amazon.in/COSMUS-Multipurpose-Backpack-Bag-compartment/dp/B078JVT384/ref=sr_1_112?crid=2M096C61O4MLT&keywords=bags&qid=1675424370&sprefix=ba%2Caps%2C283&sr=8-112
132,https://www.amazon.in/Genie-Ltrs-School-Backpack-CAMELLIA17SBPIN/dp/B07QHMKHWH/ref=sr_1_113?crid=2M096C61O4MLT&keywords=bags&qid=1675424371&sprefix=ba%2Caps%2C283&sr=8-113
133,https://www.amazon.in/Alifiya-Polyester-MacBook-Charger-Grey_L26/dp/B09GP79C4C/ref=sr_1_114?crid=2M096C61O4MLT&keywords=bags&qid=1675424371&sprefix=ba%2Caps%2C283&sr=8-114
134,https://www.amazon.in/Lavie-Faroe-Womens-Satchel-Brown/dp/B07SNGMP5L/ref=sr_1_115?crid=2M096C61O4MLT&keywords=bags&qid=1675424371&sprefix=ba%2Caps%2C283&sr=8-115
135,https://www.amazon.in/HP-Lightweight-100-Black-Backpack/dp/B08CY1YXCK/ref=sr_1_116?crid=2M096C61O4MLT&keywords=bags&qid=1675424371&sprefix=ba%2Caps%2C283&sr=8-116
136,https://www.amazon.in/TRAWOC-Backpack-Trekking-Rucksack-Warranty/dp/B0847PGZZM/ref=sr_1_117?crid=2M096C61O4MLT&keywords=bags&qid=1675424371&sprefix=ba%2Caps%2C283&sr=8-117
137,https://www.amazon.in/SACCI-MUCCI-Allamanda-Lightweight-SM1-10_magnolia/dp/B09TDNZ88Z/ref=sr_1_118?crid=2M096C61O4MLT&keywords=bags&qid=1675424371&sprefix=ba%2Caps%2C283&sr=8-118
138,https://www.amazon.in/Wildcraft-Turnaround-Polyester-Laptop-8903340000000/dp/B012D4QWES/ref=sr_1_119?crid=2M096C61O4MLT&keywords=bags&qid=1675424371&sprefix=ba%2Caps%2C283&sr=8-119
139,https://www.amazon.in/Safari-Overnighter-Resistant-Travelling-All-Purpose/dp/B097JMR4M6/ref=sr_1_120?crid=2M096C61O4MLT&keywords=bags&qid=1675424371&sprefix=ba%2Caps%2C283&sr=8-120
140,https://www.amazon.in/LL-LEATHER-LAND-DESIGNER-BAGS/dp/B0BD4TTDHD/ref=sr_1_121?crid=2M096C61O4MLT&keywords=bags&qid=1675424371&sprefix=ba%2Caps%2C283&sr=8-121
141,https://www.amazon.in/Chic-Buddy-Waterproof-Swimsuits-Toiletries/dp/B09KSBHC18/ref=sr_1_122?crid=2M096C61O4MLT&keywords=bags&qid=1675424371&sprefix=ba%2Caps%2C283&sr=8-122
142,https://www.amazon.in/Gear-Black-Casual-Backpack-MDBKPECO50104/dp/B0757MBSS6/ref=sr_1_123?crid=2M096C61O4MLT&keywords=bags&qid=1675424371&sprefix=ba%2Caps%2C283&sr=8-123
143,https://www.amazon.in/Safari-Laptop-Backpack-Resistant-Fabric/dp/B09B28TKLG/ref=sr_1_124?crid=2M096C61O4MLT&keywords=bags&qid=1675424371&sprefix=ba%2Caps%2C283&sr=8-124
144,https://www.amazon.in/Trajectory-Elegant-15-6-Laptop-Office/dp/B09RK6NCGC/ref=sr_1_125?crid=2M096C61O4MLT&keywords=bags&qid=1675424371&sprefix=ba%2Caps%2C283&sr=8-125
145,https://www.amazon.in/AmazonBasics-Casual-Backpack-Office-15-6-inch/dp/B09W4VMZ79/ref=sr_1_126?crid=2M096C61O4MLT&keywords=bags&qid=1675424371&sprefix=ba%2Caps%2C283&sr=8-126
146,https://www.amazon.in/ASTRID-Blue-Textured-Cotton-Pouch/dp/B08W431L94/ref=sr_1_127?crid=2M096C61O4MLT&keywords=bags&qid=1675424371&sprefix=ba%2Caps%2C283&sr=8-127
147,https://www.amazon.in/House-Quirk-Hanging-Toiletry-Organizer/dp/B072MH8KBB/ref=sr_1_128?crid=2M096C61O4MLT&keywords=bags&qid=1675424371&sprefix=ba%2Caps%2C283&sr=8-128
148,https://www.amazon.in/YuvKuz-TM-Infocus-Digitizer-Assembly/dp/B07MXNWTB2/ref=sr_1_129?crid=2M096C61O4MLT&keywords=bags&qid=1675424372&sprefix=ba%2Caps%2C283&sr=8-129
149,https://www.amazon.in/Gear-Black-Casual-Backpack-MDBKPECO50104/dp/B0757MBSS6/ref=sr_1_130?crid=2M096C61O4MLT&keywords=bags&qid=1675424372&sprefix=ba%2Caps%2C283&sr=8-130
150,https://www.amazon.in/Resistant-Outdoor-Shoulder-Unbalance-Earphone/dp/B07TT785P7/ref=sr_1_131?crid=2M096C61O4MLT&keywords=bags&qid=1675424372&sprefix=ba%2Caps%2C283&sr=8-131
151,https://www.amazon.in/ASTRID-Black-Textured-Laptop-Accessory/dp/B09Z2G37YY/ref=sr_1_132?crid=2M096C61O4MLT&keywords=bags&qid=1675424372&sprefix=ba%2Caps%2C283&sr=8-132
152,https://www.amazon.in/Wesley-Milestone-Waterproof-Backpack-Business/dp/B085S444JV/ref=sr_1_133?crid=2M096C61O4MLT&keywords=bags&qid=1675424372&sprefix=ba%2Caps%2C283&sr=8-133
153,https://www.amazon.in/DZert-Panda-School-Backpacks-Cartoon/dp/B07Y2BFJ1B/ref=sr_1_134?crid=2M096C61O4MLT&keywords=bags&qid=1675424372&sprefix=ba%2Caps%2C283&sr=8-134
154,https://www.amazon.in/Rabbit-Caramello-Backpack-Multi-Function-Waterproof/dp/B07FHXNPCH/ref=sr_1_135?crid=2M096C61O4MLT&keywords=bags&qid=1675424372&sprefix=ba%2Caps%2C283&sr=8-135
155,https://www.amazon.in/Tabelito-Laptop-Backpack-15-6-inch-Repellent/dp/B08Y3L4PHK/ref=sr_1_136?crid=2M096C61O4MLT&keywords=bags&qid=1675424372&sprefix=ba%2Caps%2C283&sr=8-136
156,https://www.amazon.in/American-Tourister-Polypropylene-LG4-002_Crimson/dp/B0BB2LKNXG/ref=sr_1_137?crid=2M096C61O4MLT&keywords=bags&qid=1675424372&sprefix=ba%2Caps%2C283&sr=8-137
157,https://www.amazon.in/Gear-Vintage2-Leather-Backpack-LBPVG2LTH0501/dp/B07G4HH78P/ref=sr_1_138?crid=2M096C61O4MLT&keywords=bags&qid=1675424372&sprefix=ba%2Caps%2C283&sr=8-138
158,https://www.amazon.in/Sfane-Women-Trendy-Black-Duffel/dp/B07GCR84D9/ref=sr_1_139?crid=2M096C61O4MLT&keywords=bags&qid=1675424372&sprefix=ba%2Caps%2C283&sr=8-139
159,https://www.amazon.in/Police-Polyester-laptop-casual-backpack/dp/B09CQ5T3LN/ref=sr_1_140?crid=2M096C61O4MLT&keywords=bags&qid=1675424372&sprefix=ba%2Caps%2C283&sr=8-140
160,https://www.amazon.in/Baggit-Womens-Hobo-Handbag-Green/dp/B097C2T2DS/ref=sr_1_141?crid=2M096C61O4MLT&keywords=bags&qid=1675424372&sprefix=ba%2Caps%2C283&sr=8-141
161,https://www.amazon.in/Polyester-Avengers-Captain-America-Backpack/dp/B01M7R5KMW/ref=sr_1_142?crid=2M096C61O4MLT&keywords=bags&qid=1675424372&sprefix=ba%2Caps%2C283&sr=8-142
162,https://www.amazon.in/Lunars-Travel-Laptop-Bag-compartments/dp/B08NHL52MK/ref=sr_1_143?crid=2M096C61O4MLT&keywords=bags&qid=1675424372&sprefix=ba%2Caps%2C283&sr=8-143
163,https://www.amazon.in/ADISA-SL5038-women-girls-sling/dp/B08Q4FHQLN/ref=sr_1_144?crid=2M096C61O4MLT&keywords=bags&qid=1675424372&sprefix=ba%2Caps%2C283&sr=8-144
164,https://www.amazon.in/F-Gear-Luxur-Brown-Backpack/dp/B01F7AX9ZA/ref=sr_1_145?crid=2M096C61O4MLT&keywords=bags&qid=1675424373&sprefix=ba%2Caps%2C283&sr=8-145
165,https://www.amazon.in/Lunars-Travel-Laptop-Bag-compartments/dp/B08NHL52MK/ref=sr_1_146?crid=2M096C61O4MLT&keywords=bags&qid=1675424373&sprefix=ba%2Caps%2C283&sr=8-146
166,https://www.amazon.in/ADISA-SL5022-black-women-girls/dp/B07NPXWFXX/ref=sr_1_147?crid=2M096C61O4MLT&keywords=bags&qid=1675424373&sprefix=ba%2Caps%2C283&sr=8-147
167,https://www.amazon.in/AirCase-C25-Messenger-Shoulder-Compartments/dp/B07X6DV3VM/ref=sr_1_148?crid=2M096C61O4MLT&keywords=bags&qid=1675424373&sprefix=ba%2Caps%2C283&sr=8-148
168,https://www.amazon.in/Mi-Business-Casual-Resistant-Backpack/dp/B07YY6PTMN/ref=sr_1_149?crid=2M096C61O4MLT&keywords=bags&qid=1675424373&sprefix=ba%2Caps%2C283&sr=8-149
169,https://www.amazon.in/Bennett-15-6-inch-Repellent-Backpack-ben_cas_blue/dp/B09WZKB54G/ref=sr_1_150?crid=2M096C61O4MLT&keywords=bags&qid=1675424373&sprefix=ba%2Caps%2C283&sr=8-150
170,https://www.amazon.in/Polyester-Avengers-Captain-America-Backpack/dp/B01M7R5KMW/ref=sr_1_151?crid=2M096C61O4MLT&keywords=bags&qid=1675424373&sprefix=ba%2Caps%2C283&sr=8-151
171,https://www.amazon.in/Red-Lemon-Polyester-15-6-inch-Waterproof/dp/B07XYY2FW4/ref=sr_1_152?crid=2M096C61O4MLT&keywords=bags&qid=1675424373&sprefix=ba%2Caps%2C283&sr=8-152
172,https://www.amazon.in/Motherly-Stylish-Babies-Diaper-Mothers/dp/B07DMKJJB4/ref=sr_1_153?crid=2M096C61O4MLT&keywords=bags&qid=1675424373&sprefix=ba%2Caps%2C283&sr=8-153
173,https://www.amazon.in/Police-Polyester-laptop-casual-backpack/dp/B09CQ5T3LN/ref=sr_1_154?crid=2M096C61O4MLT&keywords=bags&qid=1675424373&sprefix=ba%2Caps%2C283&sr=8-154
174,https://www.amazon.in/DZert-School-Polyester-Backpack-White/dp/B07GXYHFCY/ref=sr_1_155?crid=2M096C61O4MLT&keywords=bags&qid=1675424373&sprefix=ba%2Caps%2C283&sr=8-155
175,https://www.amazon.in/Storite-Leather-Laptop-Bag-inch/dp/B081GQJLD2/ref=sr_1_156?crid=2M096C61O4MLT&keywords=bags&qid=1675424373&sprefix=ba%2Caps%2C283&sr=8-156
176,https://www.amazon.in/Storage-Disposable-Freezer-Feeding-Transparent/dp/B099ZVTNCP/ref=sr_1_157?crid=2M096C61O4MLT&keywords=bags&qid=1675424373&sprefix=ba%2Caps%2C283&sr=8-157
177,https://www.amazon.in/Gear-Clubsport-Faux-Leather-Black-Red-DUFCLBSRT0109/dp/B097KCLVCP/ref=sr_1_158?crid=2M096C61O4MLT&keywords=bags&qid=1675424373&sprefix=ba%2Caps%2C283&sr=8-158
178,https://www.amazon.in/Chic-Buddy-Waterproof-Swimsuits-Toiletries/dp/B09KS97LZH/ref=sr_1_159?crid=2M096C61O4MLT&keywords=bags&qid=1675424373&sprefix=ba%2Caps%2C283&sr=8-159
179,https://www.amazon.in/Lenovo-Professional-Backpack-Water-resistant-Uncompromised/dp/B08R7S55H4/ref=sr_1_160?crid=2M096C61O4MLT&keywords=bags&qid=1675424373&sprefix=ba%2Caps%2C283&sr=8-160
180,https://www.amazon.in/sspa/click?ie=UTF8&spc=MTozNTY3NjQ5Njg3ODA4MzA1OjE2NzU0MjQzNzQ6c3BfYXRmX25leHQ6MjAxMDQxNDAyNjM2OTg6OjA6Og&url=%2FUrban-Tribe-Laptop-Backpack-Havana%2Fdp%2FB01LXNNFDF%2Fref%3Dsr_1_161_sspa%3Fcrid%3D2M096C61O4MLT%26keywords%3Dbags%26qid%3D1675424374%26sprefix%3Dba%252Caps%252C283%26sr%3D8-161-spons%26sp_csd%3Dd2lkZ2V0TmFtZT1zcF9hdGZfbmV4dA%26psc%3D1
181,https://www.amazon.in/sspa/click?ie=UTF8&spc=MTozNTY3NjQ5Njg3ODA4MzA1OjE2NzU0MjQzNzQ6c3BfYXRmX25leHQ6MjAwOTc3OTY2Mjk0OTg6OjA6Og&url=%2FEUME-Virgo-29Ltr-Laptop-Backpack%2Fdp%2FB08R563J3T%2Fref%3Dsr_1_162_sspa%3Fcrid%3D2M096C61O4MLT%26keywords%3Dbags%26qid%3D1675424374%26sprefix%3Dba%252Caps%252C283%26sr%3D8-162-spons%26sp_csd%3Dd2lkZ2V0TmFtZT1zcF9hdGZfbmV4dA%26psc%3D1
182,https://www.amazon.in/HP-Backpack-Laptop-Chromebook-1D0M4PA/dp/B08HC5S2HD/ref=sr_1_163?crid=2M096C61O4MLT&keywords=bags&qid=1675424374&sprefix=ba%2Caps%2C283&sr=8-163
183,https://www.amazon.in/Hammonds-Flycatcher-Brown-Mens-Laptop/dp/B01LYDRI9V/ref=sr_1_164?crid=2M096C61O4MLT&keywords=bags&qid=1675424374&sprefix=ba%2Caps%2C283&sr=8-164
184,https://www.amazon.in/Mammon-Womens-Leather-Handbag-4-teddy-pink/dp/B08N5F7P68/ref=sr_1_165?crid=2M096C61O4MLT&keywords=bags&qid=1675424374&sprefix=ba%2Caps%2C283&sr=8-165
185,https://www.amazon.in/Storite-Stylish-Sling-Bag-Grey/dp/B098L372Z7/ref=sr_1_166?crid=2M096C61O4MLT&keywords=bags&qid=1675424374&sprefix=ba%2Caps%2C283&sr=8-166
186,https://www.amazon.in/Lavie-Spring-Summer-Womens-Tote/dp/B083ZT1LHB/ref=sr_1_167?crid=2M096C61O4MLT&keywords=bags&qid=1675424374&sprefix=ba%2Caps%2C283&sr=8-167
187,https://www.amazon.in/Baggit-Womens-Sling-Bag-Small/dp/B0BNTQLVBF/ref=sr_1_168?crid=2M096C61O4MLT&keywords=bags&qid=1675424374&sprefix=ba%2Caps%2C283&sr=8-168
188,https://www.amazon.in/wooum-Resistant-Material-Messenger-Compartment/dp/B0BQFHN15L/ref=sr_1_169?crid=2M096C61O4MLT&keywords=bags&qid=1675424374&sprefix=ba%2Caps%2C283&sr=8-169
189,https://www.amazon.in/Half-Moon-Travelling-Compartment-Polyester/dp/B09CGZ2W28/ref=sr_1_170?crid=2M096C61O4MLT&keywords=bags&qid=1675424374&sprefix=ba%2Caps%2C283&sr=8-170
190,https://www.amazon.in/sspa/click?ie=UTF8&spc=MTozNTY3NjQ5Njg3ODA4MzA1OjE2NzU0MjQzNzQ6c3BfbXRmOjIwMTE0NjA4MDA4Mzk4OjowOjo&url=%2FVOKAN-Laptop-Backpack-Charging-Resistant%2Fdp%2FB0BQ3ND145%2Fref%3Dsr_1_171_sspa%3Fcrid%3D2M096C61O4MLT%26keywords%3Dbags%26qid%3D1675424374%26sprefix%3Dba%252Caps%252C283%26sr%3D8-171-spons%26sp_csd%3Dd2lkZ2V0TmFtZT1zcF9tdGY%26psc%3D1
191,https://www.amazon.in/sspa/click?ie=UTF8&spc=MTozNTY3NjQ5Njg3ODA4MzA1OjE2NzU0MjQzNzQ6c3BfbXRmOjIwMDQzMzIxMTM2NjA2OjowOjo&url=%2FCOSMUS-Multipurpose-Backpack-Bag-compartment%2Fdp%2FB078JVT384%2Fref%3Dsr_1_172_sspa%3Fcrid%3D2M096C61O4MLT%26keywords%3Dbags%26qid%3D1675424374%26sprefix%3Dba%252Caps%252C283%26sr%3D8-172-spons%26sp_csd%3Dd2lkZ2V0TmFtZT1zcF9tdGY%26psc%3D1
192,https://www.amazon.in/Step-Backpack-Small-Water-Repellant/dp/B088X9M73T/ref=sr_1_173?crid=2M096C61O4MLT&keywords=bags&qid=1675424374&sprefix=ba%2Caps%2C283&sr=8-173
193,https://www.amazon.in/Gear-Colorado-Orange-Laptop-Backpack/dp/B097K6KD7W/ref=sr_1_174?crid=2M096C61O4MLT&keywords=bags&qid=1675424374&sprefix=ba%2Caps%2C283&sr=8-174
194,https://www.amazon.in/Skybags-New-Neon-Backpack-Green/dp/B07SSDP8D5/ref=sr_1_175?crid=2M096C61O4MLT&keywords=bags&qid=1675424374&sprefix=ba%2Caps%2C283&sr=8-175
195,https://www.amazon.in/GOCART-LOGO-Backpack-Briefcase-Convertible/dp/B0822H451W/ref=sr_1_176?crid=2M096C61O4MLT&keywords=bags&qid=1675424374&sprefix=ba%2Caps%2C283&sr=8-176
196,https://www.amazon.in/Gear-Superior-Casual-Backpack-BKPSPRIOR0001/dp/B08GY2ZN96/ref=sr_1_177?crid=2M096C61O4MLT&keywords=bags&qid=1675424374&sprefix=ba%2Caps%2C283&sr=8-177
197,https://www.amazon.in/Storite-Leather-Sling-Bag-Brown/dp/B08TR8RMNH/ref=sr_1_178?crid=2M096C61O4MLT&keywords=bags&qid=1675424374&sprefix=ba%2Caps%2C283&sr=8-178
198,https://www.amazon.in/Half-Moon-Travelling-Rucksack-Compartment/dp/B09WDBPVFW/ref=sr_1_179?crid=2M096C61O4MLT&keywords=bags&qid=1675424374&sprefix=ba%2Caps%2C283&sr=8-179
199,https://www.amazon.in/Hammonds-Flycatcher-Messenger-Compartment-LB106BR/dp/B07P2TQH78/ref=sr_1_180?crid=2M096C61O4MLT&keywords=bags&qid=1675424374&sprefix=ba%2Caps%2C283&sr=8-180
200,https://www.amazon.in/sspa/click?ie=UTF8&spc=MTozNTY3NjQ5Njg3ODA4MzA1OjE2NzU0MjQzNzQ6c3BfYnRmOjIwMTA0MTQwMjY0Mjk4OjowOjo&url=%2FURBAN-TRIBE-Move-Backpack-Repellent%2Fdp%2FB0BP1QM6W5%2Fref%3Dsr_1_181_sspa%3Fcrid%3D2M096C61O4MLT%26keywords%3Dbags%26qid%3D1675424374%26sprefix%3Dba%252Caps%252C283%26sr%3D8-181-spons%26sp_csd%3Dd2lkZ2V0TmFtZT1zcF9idGY%26psc%3D1%26smid%3DA385M0TPSNV7VS
201,https://www.amazon.in/sspa/click?ie=UTF8&spc=MTozNTY3NjQ5Njg3ODA4MzA1OjE2NzU0MjQzNzQ6c3BfYnRmOjIwMTA5NjY4NjI3NDk4OjowOjo&url=%2FCasual-Waterproof-Backpack-College-Business%2Fdp%2FB09WJ16LPN%2Fref%3Dsr_1_182_sspa%3Fcrid%3D2M096C61O4MLT%26keywords%3Dbags%26qid%3D1675424374%26sprefix%3Dba%252Caps%252C283%26sr%3D8-182-spons%26sp_csd%3Dd2lkZ2V0TmFtZT1zcF9idGY%26psc%3D1
202,https://www.amazon.in/Genie-Unicorn-School-Bags-Girls/dp/B09N9LYY8X/ref=sr_1_177?crid=2M096C61O4MLT&keywords=bags&qid=1675424375&sprefix=ba%2Caps%2C283&sr=8-177
203,https://www.amazon.in/Safari-Casual-Backpack-Charging-Resistant/dp/B09B2581S9/ref=sr_1_178?crid=2M096C61O4MLT&keywords=bags&qid=1675424375&sprefix=ba%2Caps%2C283&sr=8-178
204,https://www.amazon.in/Gear-Green-Casual-Backpack-BKPECOBP40503/dp/B019HA8DQQ/ref=sr_1_179?crid=2M096C61O4MLT&keywords=bags&qid=1675424375&sprefix=ba%2Caps%2C283&sr=8-179
205,https://www.amazon.in/ADISA-Womens-Sling-SL5059-CRE_Off-White/dp/B09154JPWQ/ref=sr_1_180?crid=2M096C61O4MLT&keywords=bags&qid=1675424375&sprefix=ba%2Caps%2C283&sr=8-180
206,https://www.amazon.in/AirCase-Messenger-13-Inch-14-Inch-MacBook/dp/B07WS6HTHY/ref=sr_1_181?crid=2M096C61O4MLT&keywords=bags&qid=1675424375&sprefix=ba%2Caps%2C283&sr=8-181
207,https://www.amazon.in/VIFITKIT-Multi-Purpose-Spacious-Storage-Compartment/dp/B0B4BLYKYB/ref=sr_1_182?crid=2M096C61O4MLT&keywords=bags&qid=1675424375&sprefix=ba%2Caps%2C283&sr=8-182
208,https://www.amazon.in/PALAY%C2%AE-Multifunctional-Pattern-Accommodate-Shoulder/dp/B09FJZJVP8/ref=sr_1_183?crid=2M096C61O4MLT&keywords=bags&qid=1675424375&sprefix=ba%2Caps%2C283&sr=8-183
209,https://www.amazon.in/Gear-Classic-Leather-Backpack-LBPCLSLTH0101/dp/B07G4D13LB/ref=sr_1_184?crid=2M096C61O4MLT&keywords=bags&qid=1675424375&sprefix=ba%2Caps%2C283&sr=8-184
210,https://www.amazon.in/Zipline-Synthetic-Executive-Briefcase-compartments/dp/B0BL3G2JKV/ref=sr_1_185?crid=2M096C61O4MLT&keywords=bags&qid=1675424375&sprefix=ba%2Caps%2C283&sr=8-185
211,https://www.amazon.in/TULMAN-Stylish-Messenger-Shoulder-Bag/dp/B07Q74QLHT/ref=sr_1_186?crid=2M096C61O4MLT&keywords=bags&qid=1675424375&sprefix=ba%2Caps%2C283&sr=8-186
212,https://www.amazon.in/Kuber-Industries-Transparent-Resistant-Handle-Set/dp/B08WK5QJ5D/ref=sr_1_187?crid=2M096C61O4MLT&keywords=bags&qid=1675424375&sprefix=ba%2Caps%2C283&sr=8-187
213,https://www.amazon.in/Storite-Stylish-Sling-Bag-Grey/dp/B098L372Z7/ref=sr_1_188?crid=2M096C61O4MLT&keywords=bags&qid=1675424375&sprefix=ba%2Caps%2C283&sr=8-188
214,https://www.amazon.in/Lavie-Spring-Summer-Womens-Sling/dp/B081KGQ3M4/ref=sr_1_189?crid=2M096C61O4MLT&keywords=bags&qid=1675424375&sprefix=ba%2Caps%2C283&sr=8-189
215,https://www.amazon.in/SIDRUM-D2-Adjustable-Compatible-Mirrorless/dp/B09KH6CN1M/ref=sr_1_190?crid=2M096C61O4MLT&keywords=bags&qid=1675424375&sprefix=ba%2Caps%2C283&sr=8-190
216,https://www.amazon.in/Wesley-Milestone-Waterproof-Backpack-Business/dp/B07PLKV6D1/ref=sr_1_191?crid=2M096C61O4MLT&keywords=bags&qid=1675424375&sprefix=ba%2Caps%2C283&sr=8-191
217,https://www.amazon.in/Hammonds-Flycatcher-Messenger-Compartment-LB106BR/dp/B07P2TQH78/ref=sr_1_192?crid=2M096C61O4MLT&keywords=bags&qid=1675424375&sprefix=ba%2Caps%2C283&sr=8-192
218,https://www.amazon.in/Genie-Flamenco2-Backpack-Compatible-Resistant/dp/B08YF1XJXY/ref=sr_1_193?crid=2M096C61O4MLT&keywords=bags&qid=1675424376&sprefix=ba%2Caps%2C283&sr=8-193
219,https://www.amazon.in/F-Gear-Tycoon-Laptop-Backpack/dp/B071XJ6XV5/ref=sr_1_194?crid=2M096C61O4MLT&keywords=bags&qid=1675424376&sprefix=ba%2Caps%2C283&sr=8-194
220,https://www.amazon.in/EcoRight-Womens-Reusable-Ecofriendly-0202F01/dp/B06XRQRDCY/ref=sr_1_195?crid=2M096C61O4MLT&keywords=bags&qid=1675424376&sprefix=ba%2Caps%2C283&sr=8-195
221,https://www.amazon.in/Half-Moon-Curiosity-Backpack-Resistant/dp/B09S3ZK3N1/ref=sr_1_196?crid=2M096C61O4MLT&keywords=bags&qid=1675424376&sprefix=ba%2Caps%2C283&sr=8-196
222,https://www.amazon.in/Lavie-Faroe-Womens-Satchel-Brown/dp/B07SNGMP5L/ref=sr_1_197?crid=2M096C61O4MLT&keywords=bags&qid=1675424376&sprefix=ba%2Caps%2C283&sr=8-197
223,https://www.amazon.in/Nivia-5227-Junior-Others-Orange/dp/B08D7QKCX5/ref=sr_1_198?crid=2M096C61O4MLT&keywords=bags&qid=1675424376&sprefix=ba%2Caps%2C283&sr=8-198
224,https://www.amazon.in/POLESTAR-backpack-Backpack-College-Students/dp/B08X2KR6T9/ref=sr_1_199?crid=2M096C61O4MLT&keywords=bags&qid=1675424376&sprefix=ba%2Caps%2C283&sr=8-199
225,https://www.amazon.in/COSMUS-Polyester-Black-School-Backpack/dp/B078MFYJ3M/ref=sr_1_200?crid=2M096C61O4MLT&keywords=bags&qid=1675424376&sprefix=ba%2Caps%2C283&sr=8-200
226,https://www.amazon.in/Gear-Classic-Leather-Backpack-LBPCLSLTH0101/dp/B07G4D13LB/ref=sr_1_201?crid=2M096C61O4MLT&keywords=bags&qid=1675424376&sprefix=ba%2Caps%2C283&sr=8-201
227,https://www.amazon.in/Messenger-Water-resistant-Briefcase-Multiple-Men-Black/dp/B0B6G58BYC/ref=sr_1_202?crid=2M096C61O4MLT&keywords=bags&qid=1675424376&sprefix=ba%2Caps%2C283&sr=8-202
228,https://www.amazon.in/Gear-Executive-Anti-Theft-Backpack-BKPPKREXE0101/dp/B097KCMQKG/ref=sr_1_203?crid=2M096C61O4MLT&keywords=bags&qid=1675424376&sprefix=ba%2Caps%2C283&sr=8-203
229,https://www.amazon.in/KILLER-Polyester-Orange-Laptop-Backpack/dp/B07B516P18/ref=sr_1_204?crid=2M096C61O4MLT&keywords=bags&qid=1675424376&sprefix=ba%2Caps%2C283&sr=8-204
230,https://www.amazon.in/SACCI-MUCCI-Allamanda-Lightweight-SM1-10_magnolia/dp/B09TDNZ88Z/ref=sr_1_205?crid=2M096C61O4MLT&keywords=bags&qid=1675424376&sprefix=ba%2Caps%2C283&sr=8-205
231,https://www.amazon.in/Womens-Lattice-Office-leather-adjustable/dp/B07VNMWWRX/ref=sr_1_206?crid=2M096C61O4MLT&keywords=bags&qid=1675424376&sprefix=ba%2Caps%2C283&sr=8-206
232,https://www.amazon.in/Kleider-Nylon-Travel-Mobile-Messenger/dp/B08V5B5G14/ref=sr_1_207?crid=2M096C61O4MLT&keywords=bags&qid=1675424376&sprefix=ba%2Caps%2C283&sr=8-207
233,https://www.amazon.in/F-Gear-String-LTR-Gym-Bag/dp/B07L4ZNBPQ/ref=sr_1_208?crid=2M096C61O4MLT&keywords=bags&qid=1675424376&sprefix=ba%2Caps%2C283&sr=8-208
234,https://www.amazon.in/Swisslook-Polyester-15-6-inch-Backpack-Waterproof/dp/B07XYTZP4Z/ref=sr_1_209?crid=2M096C61O4MLT&keywords=bags&qid=1675424378&sprefix=ba%2Caps%2C283&sr=8-209
235,https://www.amazon.in/ASHAPURA-SUITCASE-Polyester-Backpack-Resistant/dp/B09F5F445M/ref=sr_1_210?crid=2M096C61O4MLT&keywords=bags&qid=1675424378&sprefix=ba%2Caps%2C283&sr=8-210
236,https://www.amazon.in/StarX-Compact-Nylon-Mesh-Medium-Orange/dp/B01NBTOX54/ref=sr_1_211?crid=2M096C61O4MLT&keywords=bags&qid=1675424378&sprefix=ba%2Caps%2C283&sr=8-211
237,https://www.amazon.in/Gear-Vintage2-Leather-Backpack-LBPVG2LTH0101/dp/B07G44G1DC/ref=sr_1_212?crid=2M096C61O4MLT&keywords=bags&qid=1675424378&sprefix=ba%2Caps%2C283&sr=8-212
238,https://www.amazon.in/Electronic-Accessories-Carrying-Traveling-Earphone/dp/B0BLSRPKXV/ref=sr_1_213?crid=2M096C61O4MLT&keywords=bags&qid=1675424378&sprefix=ba%2Caps%2C283&sr=8-213
239,https://www.amazon.in/Osaka-Pro-Waterproof-Accessories-Others-Made/dp/B081Z1TVPQ/ref=sr_1_214?crid=2M096C61O4MLT&keywords=bags&qid=1675424378&sprefix=ba%2Caps%2C283&sr=8-214
240,https://www.amazon.in/HP-Odyssey-Backpack-15-6-inch-Laptop/dp/B012K57MYE/ref=sr_1_215?crid=2M096C61O4MLT&keywords=bags&qid=1675424378&sprefix=ba%2Caps%2C283&sr=8-215
241,https://www.amazon.in/F-Gear-Blow-Laptop-Backpack/dp/B078J63VRY/ref=sr_1_216?crid=2M096C61O4MLT&keywords=bags&qid=1675424378&sprefix=ba%2Caps%2C283&sr=8-216
242,https://www.amazon.in/Kamiliant-American-Tourister-BRIO-52CM/dp/B0849FBKPM/ref=sr_1_217?crid=2M096C61O4MLT&keywords=bags&qid=1675424378&sprefix=ba%2Caps%2C283&sr=8-217
243,https://www.amazon.in/ASTRID-Blue-Textured-Cotton-Pouch/dp/B08W431L94/ref=sr_1_218?crid=2M096C61O4MLT&keywords=bags&qid=1675424378&sprefix=ba%2Caps%2C283&sr=8-218
244,https://www.amazon.in/15-6-inch-Briefcase-Resistant-Waterproof-Compatible/dp/B0966F821Q/ref=sr_1_219?crid=2M096C61O4MLT&keywords=bags&qid=1675424378&sprefix=ba%2Caps%2C283&sr=8-219
245,https://www.amazon.in/Resistance-Backpack-Students-Compartment-50x37x26Cm/dp/B09X5Y2CB2/ref=sr_1_220?crid=2M096C61O4MLT&keywords=bags&qid=1675424378&sprefix=ba%2Caps%2C283&sr=8-220
246,https://www.amazon.in/Aavishkar-Polyster-Weight-Laptop-Backpack/dp/B08DLL3794/ref=sr_1_221?crid=2M096C61O4MLT&keywords=bags&qid=1675424378&sprefix=ba%2Caps%2C283&sr=8-221
247,https://www.amazon.in/Tabelito%C2%AE-Basic-Laptop-Sleeve-Surfacepro/dp/B09NDTCZ4N/ref=sr_1_222?crid=2M096C61O4MLT&keywords=bags&qid=1675424378&sprefix=ba%2Caps%2C283&sr=8-222
248,https://www.amazon.in/Hoteon-Backpack-Anti-Theft-Earphone-Resistant/dp/B08T96KXTF/ref=sr_1_223?crid=2M096C61O4MLT&keywords=bags&qid=1675424378&sprefix=ba%2Caps%2C283&sr=8-223
249,https://www.amazon.in/Lunars-Router-Resistant-Raincover-Organiser/dp/B08YR63B9M/ref=sr_1_224?crid=2M096C61O4MLT&keywords=bags&qid=1675424378&sprefix=ba%2Caps%2C283&sr=8-224
250,https://www.amazon.in/AirCase-C30-Messenger-Compartments-Multi-Pockets/dp/B07V57FMBH/ref=sr_1_225?crid=2M096C61O4MLT&keywords=bags&qid=1675424379&sprefix=ba%2Caps%2C283&sr=8-225
251,https://www.amazon.in/Wildcraft-Wolf_Blk-Casual-Backpack-11629-Wolf_Blk/dp/B079DDT65R/ref=sr_1_226?crid=2M096C61O4MLT&keywords=bags&qid=1675424379&sprefix=ba%2Caps%2C283&sr=8-226
252,https://www.amazon.in/Roller-Skating-Inline-Skates-Adults/dp/B08C47SFYB/ref=sr_1_227?crid=2M096C61O4MLT&keywords=bags&qid=1675424379&sprefix=ba%2Caps%2C283&sr=8-227
253,https://www.amazon.in/Van-Heusen-Woman-Spring-Summer-Burgundy/dp/B07MHFJ167/ref=sr_1_228?crid=2M096C61O4MLT&keywords=bags&qid=1675424379&sprefix=ba%2Caps%2C283&sr=8-228
254,https://www.amazon.in/Gear-Alphamount-Trekking-Black-Yellow-RKSALPAMT0112/dp/B097KFYPCG/ref=sr_1_229?crid=2M096C61O4MLT&keywords=bags&qid=1675424379&sprefix=ba%2Caps%2C283&sr=8-229
255,https://www.amazon.in/F-Gear-Tycoon-Laptop-Backpack/dp/B071XJ6XV5/ref=sr_1_230?crid=2M096C61O4MLT&keywords=bags&qid=1675424379&sprefix=ba%2Caps%2C283&sr=8-230
256,https://www.amazon.in/Square-Unicorn-Fluppy-CrossSide-multicolour/dp/B09PF194W3/ref=sr_1_231?crid=2M096C61O4MLT&keywords=bags&qid=1675424379&sprefix=ba%2Caps%2C283&sr=8-231
257,https://www.amazon.in/LXE-ECONO-ASHLYN-VINTAGE-BLUE/dp/B09MK23GB8/ref=sr_1_232?crid=2M096C61O4MLT&keywords=bags&qid=1675424379&sprefix=ba%2Caps%2C283&sr=8-232
258,https://www.amazon.in/Lenovo-GX40Q17226-15-6-Inch-Casual-Backpack/dp/B075Y7H8V6/ref=sr_1_233?crid=2M096C61O4MLT&keywords=bags&qid=1675424379&sprefix=ba%2Caps%2C283&sr=8-233
259,https://www.amazon.in/ASTRID-Blue-Textured-Cotton-Pouch/dp/B08W431L94/ref=sr_1_234?crid=2M096C61O4MLT&keywords=bags&qid=1675424379&sprefix=ba%2Caps%2C283&sr=8-234
260,https://www.amazon.in/Half-Moon-Curiosity-Backpack-Resistant/dp/B09S3ZK3N1/ref=sr_1_235?crid=2M096C61O4MLT&keywords=bags&qid=1675424379&sprefix=ba%2Caps%2C283&sr=8-235
261,https://www.amazon.in/Genie-Spritz-Daypack-Fashion-Backpack/dp/B083ZDT8SD/ref=sr_1_236?crid=2M096C61O4MLT&keywords=bags&qid=1675424379&sprefix=ba%2Caps%2C283&sr=8-236
262,https://www.amazon.in/F-Gear-Trail-Marpat-ACV-Camo/dp/B08NYJGHM6/ref=sr_1_237?crid=2M096C61O4MLT&keywords=bags&qid=1675424379&sprefix=ba%2Caps%2C283&sr=8-237
263,https://www.amazon.in/Fashion-Lightweight-Crossbody-Shoulder-Adjustable/dp/B08YQNDDSG/ref=sr_1_238?crid=2M096C61O4MLT&keywords=bags&qid=1675424379&sprefix=ba%2Caps%2C283&sr=8-238
264,https://www.amazon.in/VISMIINTREND-Fashion-Backpack-Girlfriend-Valentine/dp/B0BC9LX3KW/ref=sr_1_239?crid=2M096C61O4MLT&keywords=bags&qid=1675424379&sprefix=ba%2Caps%2C283&sr=8-239
265,https://www.amazon.in/Shalimar-Reusable-Grocery-Multipurpose-Green/dp/B097J7KCL4/ref=sr_1_240?crid=2M096C61O4MLT&keywords=bags&qid=1675424379&sprefix=ba%2Caps%2C283&sr=8-240
266,https://www.amazon.in/Half-Moon-Resistant-Laptop-Backpack/dp/B09842K4RQ/ref=sr_1_241?crid=2M096C61O4MLT&keywords=bags&qid=1675424380&sprefix=ba%2Caps%2C283&sr=8-241
267,https://www.amazon.in/Kraptick-backpack-maternity-nursing-mothers/dp/B0BFWJFS62/ref=sr_1_242?crid=2M096C61O4MLT&keywords=bags&qid=1675424380&sprefix=ba%2Caps%2C283&sr=8-242
268,https://www.amazon.in/Aristocrat-Unisex-Oxford-Fabric-28-82L/dp/B09ZV86P4S/ref=sr_1_243?crid=2M096C61O4MLT&keywords=bags&qid=1675424380&sprefix=ba%2Caps%2C283&sr=8-243
269,https://www.amazon.in/NISHIV-Capacity-Cosmetic-Cosmetics-Compartments/dp/B0BSV9KBX9/ref=sr_1_244?crid=2M096C61O4MLT&keywords=bags&qid=1675424380&sprefix=ba%2Caps%2C283&sr=8-244
270,https://www.amazon.in/Aristocrat-Unisex-Premium-Poleyester-Fabric/dp/B09ZV9MSFQ/ref=sr_1_245?crid=2M096C61O4MLT&keywords=bags&qid=1675424380&sprefix=ba%2Caps%2C283&sr=8-245
271,https://www.amazon.in/Amazon-Basics-Stylish-Backpack-Laptop/dp/B09W4WRV5Q/ref=sr_1_246?crid=2M096C61O4MLT&keywords=bags&qid=1675424380&sprefix=ba%2Caps%2C283&sr=8-246
272,https://www.amazon.in/Half-Moon-Resistant-Backpack-Compartment/dp/B09GG53CSL/ref=sr_1_247?crid=2M096C61O4MLT&keywords=bags&qid=1675424380&sprefix=ba%2Caps%2C283&sr=8-247
273,https://www.amazon.in/Isle-Locada-Hidesign-Womens-Sling/dp/B07SYJL1P7/ref=sr_1_248?crid=2M096C61O4MLT&keywords=bags&qid=1675424380&sprefix=ba%2Caps%2C283&sr=8-248
274,https://www.amazon.in/RBB-HUB-Black-Leather-Sling/dp/B082G8KPD2/ref=sr_1_249?crid=2M096C61O4MLT&keywords=bags&qid=1675424380&sprefix=ba%2Caps%2C283&sr=8-249
275,https://www.amazon.in/Baggit-Womens-Laptop-Bag-Large/dp/B0BNTL7Z7J/ref=sr_1_250?crid=2M096C61O4MLT&keywords=bags&qid=1675424380&sprefix=ba%2Caps%2C283&sr=8-250
276,https://www.amazon.in/Goatter-Hunter-Leather-Laptop-Messenger/dp/B0BQR4N3CM/ref=sr_1_251?crid=2M096C61O4MLT&keywords=bags&qid=1675424380&sprefix=ba%2Caps%2C283&sr=8-251
277,https://www.amazon.in/Isle-Coco-Hidesign-Womens-Sling/dp/B07L6N38Y3/ref=sr_1_252?crid=2M096C61O4MLT&keywords=bags&qid=1675424380&sprefix=ba%2Caps%2C283&sr=8-252
278,https://www.amazon.in/SACCI-MUCCI-Allamanda-Lightweight-SM1-10_magnolia/dp/B09TDNZ88Z/ref=sr_1_253?crid=2M096C61O4MLT&keywords=bags&qid=1675424380&sprefix=ba%2Caps%2C283&sr=8-253
279,https://www.amazon.in/HIMART-Waterproof-Multipurpose-Cosmetic-Organizer/dp/B0BRTZZC8K/ref=sr_1_254?crid=2M096C61O4MLT&keywords=bags&qid=1675424380&sprefix=ba%2Caps%2C283&sr=8-254
280,https://www.amazon.in/Skybags-BPRDP10EBLU-RAGER-DAYPACK-BLUE/dp/B0B3XZFJV5/ref=sr_1_255?crid=2M096C61O4MLT&keywords=bags&qid=1675424380&sprefix=ba%2Caps%2C283&sr=8-255
281,https://www.amazon.in/Backpack-Adventure-Camping-Trekking-Rucksack/dp/B091SNKKB4/ref=sr_1_256?crid=2M096C61O4MLT&keywords=bags&qid=1675424380&sprefix=ba%2Caps%2C283&sr=8-256
282,https://www.amazon.in/Jaden-Black-Laptop-Backpack-Charging/dp/B07RRJ7LQB/ref=sr_1_257?crid=2M096C61O4MLT&keywords=bags&qid=1675424381&sprefix=ba%2Caps%2C283&sr=8-257
283,https://www.amazon.in/Zipline-Nexa-Resistant-Bagpack-Backpack/dp/B08WQ668WJ/ref=sr_1_258?crid=2M096C61O4MLT&keywords=bags&qid=1675424381&sprefix=ba%2Caps%2C283&sr=8-258
284,https://www.amazon.in/Kraptick-backpack-maternity-nursing-mothers/dp/B0BFWJFS62/ref=sr_1_259?crid=2M096C61O4MLT&keywords=bags&qid=1675424381&sprefix=ba%2Caps%2C283&sr=8-259
285,https://www.amazon.in/Storite-Stylish-Cross-Body-Travel/dp/B097K5VBTZ/ref=sr_1_260?crid=2M096C61O4MLT&keywords=bags&qid=1675424381&sprefix=ba%2Caps%2C283&sr=8-260
286,https://www.amazon.in/NISHIV-Capacity-Cosmetic-Cosmetics-Compartments/dp/B0BSV9KBX9/ref=sr_1_261?crid=2M096C61O4MLT&keywords=bags&qid=1675424381&sprefix=ba%2Caps%2C283&sr=8-261
287,https://www.amazon.in/Storite-Shopping-Vegetables-Reinforced-42x32x21/dp/B08R9NHRRJ/ref=sr_1_262?crid=2M096C61O4MLT&keywords=bags&qid=1675424381&sprefix=ba%2Caps%2C283&sr=8-262
288,https://www.amazon.in/Amazon-Basics-Stylish-Backpack-Laptop/dp/B09W4WRV5Q/ref=sr_1_263?crid=2M096C61O4MLT&keywords=bags&qid=1675424381&sprefix=ba%2Caps%2C283&sr=8-263
289,https://www.amazon.in/American-Tourister-Polyester-Litres-Backpack/dp/B0BS18YH77/ref=sr_1_264?crid=2M096C61O4MLT&keywords=bags&qid=1675424381&sprefix=ba%2Caps%2C283&sr=8-264
290,https://www.amazon.in/RBB-HUB-Black-Leather-Sling/dp/B082G8KPD2/ref=sr_1_265?crid=2M096C61O4MLT&keywords=bags&qid=1675424381&sprefix=ba%2Caps%2C283&sr=8-265
291,https://www.amazon.in/Shoulder-Lightweight-Duffle-Weekend-OliveGreen-SkyBlue/dp/B09136P3D9/ref=sr_1_266?crid=2M096C61O4MLT&keywords=bags&qid=1675424381&sprefix=ba%2Caps%2C283&sr=8-266
292,https://www.amazon.in/Goatter-Hunter-Leather-Laptop-Messenger/dp/B0BQR4N3CM/ref=sr_1_267?crid=2M096C61O4MLT&keywords=bags&qid=1675424381&sprefix=ba%2Caps%2C283&sr=8-267
293,https://www.amazon.in/SAFARI-Denim-Casual-Backpack-DAYPACKNEO15CBDNB/dp/B07NSC4SL5/ref=sr_1_268?crid=2M096C61O4MLT&keywords=bags&qid=1675424381&sprefix=ba%2Caps%2C283&sr=8-268
294,https://www.amazon.in/Aristocrat-Unisex-Premium-Poleyester-Fabric/dp/B09ZV9MSFQ/ref=sr_1_269?crid=2M096C61O4MLT&keywords=bags&qid=1675424381&sprefix=ba%2Caps%2C283&sr=8-269
295,https://www.amazon.in/Aristocrat-Unisex-Oxford-Fabric-28-82L/dp/B09ZV86P4S/ref=sr_1_270?crid=2M096C61O4MLT&keywords=bags&qid=1675424381&sprefix=ba%2Caps%2C283&sr=8-270
296,https://www.amazon.in/HIMART-Waterproof-Multipurpose-Cosmetic-Organizer/dp/B0BRTZZC8K/ref=sr_1_271?crid=2M096C61O4MLT&keywords=bags&qid=1675424381&sprefix=ba%2Caps%2C283&sr=8-271
297,https://www.amazon.in/Skybags-BPRDP10EBLU-RAGER-DAYPACK-BLUE/dp/B0B3XZFJV5/ref=sr_1_272?crid=2M096C61O4MLT&keywords=bags&qid=1675424381&sprefix=ba%2Caps%2C283&sr=8-272
298,https://www.amazon.in/Terminator-Unisex-Laptop-Backpack-School/dp/B0BSV5ZYGC/ref=sr_1_273?crid=2M096C61O4MLT&keywords=bags&qid=1675424382&sprefix=ba%2Caps%2C283&sr=8-273
299,https://www.amazon.in/American-Tourister-Polypropylene-FO1-002/dp/B08CS9NC8Y/ref=sr_1_274?crid=2M096C61O4MLT&keywords=bags&qid=1675424382&sprefix=ba%2Caps%2C283&sr=8-274
300,https://www.amazon.in/ASHAPURA-SUITCASE-Polyester-Backpack-Resistant/dp/B09F5F445M/ref=sr_1_275?crid=2M096C61O4MLT&keywords=bags&qid=1675424382&sprefix=ba%2Caps%2C283&sr=8-275
301,https://www.amazon.in/Isle-Coco-Hidesign-Womens-Sling/dp/B07L6D1VFK/ref=sr_1_276?crid=2M096C61O4MLT&keywords=bags&qid=1675424382&sprefix=ba%2Caps%2C283&sr=8-276
302,https://www.amazon.in/StarX-Compact-Nylon-Mesh-Medium-Orange/dp/B01NBTOX54/ref=sr_1_277?crid=2M096C61O4MLT&keywords=bags&qid=1675424382&sprefix=ba%2Caps%2C283&sr=8-277
303,https://www.amazon.in/Gear-Vintage2-Leather-Backpack-LBPVG2LTH1901/dp/B07G4F3758/ref=sr_1_278?crid=2M096C61O4MLT&keywords=bags&qid=1675424382&sprefix=ba%2Caps%2C283&sr=8-278
304,https://www.amazon.in/Lavie-MARMA-Womens-Sling-Bag/dp/B07KMBX9ZL/ref=sr_1_279?crid=2M096C61O4MLT&keywords=bags&qid=1675424382&sprefix=ba%2Caps%2C283&sr=8-279
305,https://www.amazon.in/DZert-School-Plush-Backpacks-Cartoon/dp/B08BCP78YF/ref=sr_1_280?crid=2M096C61O4MLT&keywords=bags&qid=1675424382&sprefix=ba%2Caps%2C283&sr=8-280
306,https://www.amazon.in/AirCase-C26-Messenger-Laptop-Shoulder/dp/B07P417566/ref=sr_1_281?crid=2M096C61O4MLT&keywords=bags&qid=1675424382&sprefix=ba%2Caps%2C283&sr=8-281
307,https://www.amazon.in/DZert-Rumble-School-Backpacks-Cartoon/dp/B0994PHBSL/ref=sr_1_282?crid=2M096C61O4MLT&keywords=bags&qid=1675424382&sprefix=ba%2Caps%2C283&sr=8-282
308,https://www.amazon.in/Gizga-Essentials-Organizer-Multi-Utility-Cosmetics/dp/B09WVRKYCJ/ref=sr_1_283?crid=2M096C61O4MLT&keywords=bags&qid=1675424382&sprefix=ba%2Caps%2C283&sr=8-283
309,https://www.amazon.in/Kuber-Industries-Handcrafted-Embroidered-Handbag/dp/B082VFZP9C/ref=sr_1_284?crid=2M096C61O4MLT&keywords=bags&qid=1675424382&sprefix=ba%2Caps%2C283&sr=8-284
310,https://www.amazon.in/FATMUG-Crossbody-Shoulder-Girls-Casual-Trekking/dp/B08MXRJ811/ref=sr_1_285?crid=2M096C61O4MLT&keywords=bags&qid=1675424382&sprefix=ba%2Caps%2C283&sr=8-285
311,https://www.amazon.in/Aristocrat-Unisex-Oxford-Fabric-28-82L/dp/B09ZV86P4S/ref=sr_1_286?crid=2M096C61O4MLT&keywords=bags&qid=1675424382&sprefix=ba%2Caps%2C283&sr=8-286
312,https://www.amazon.in/HP-Odyssey-Backpack-15-6-inch-Laptop/dp/B012K57MYE/ref=sr_1_287?crid=2M096C61O4MLT&keywords=bags&qid=1675424382&sprefix=ba%2Caps%2C283&sr=8-287
313,https://www.amazon.in/HEROZ-Backpack-Resistant-Computer-17-3-inch/dp/B083N53TWB/ref=sr_1_288?crid=2M096C61O4MLT&keywords=bags&qid=1675424382&sprefix=ba%2Caps%2C283&sr=8-288
314,https://www.amazon.in/Gear-Compact-Business-Backpack-BUSCOMPACT052/dp/B08D76WDTV/ref=sr_1_289?crid=2M096C61O4MLT&keywords=bags&qid=1675424384&sprefix=ba%2Caps%2C283&sr=8-289
315,https://www.amazon.in/Lenovo-Laptop-Everyday-Backpack-Black/dp/B07GM5NR14/ref=sr_1_290?crid=2M096C61O4MLT&keywords=bags&qid=1675424384&sprefix=ba%2Caps%2C283&sr=8-290
316,https://www.amazon.in/Glowic-Handbags-Shoulder-Crossbody-WBAG-43/dp/B09R9VHYFJ/ref=sr_1_291?crid=2M096C61O4MLT&keywords=bags&qid=1675424384&sprefix=ba%2Caps%2C283&sr=8-291
317,https://www.amazon.in/ZIPLOC-Polyester-Waterproof-Backpack-Business/dp/B099FFLQ5Q/ref=sr_1_292?crid=2M096C61O4MLT&keywords=bags&qid=1675424384&sprefix=ba%2Caps%2C283&sr=8-292
318,https://www.amazon.in/Harissons-Super-EG-Laptop-Backpack/dp/B075V1WJ5M/ref=sr_1_293?crid=2M096C61O4MLT&keywords=bags&qid=1675424384&sprefix=ba%2Caps%2C283&sr=8-293
319,https://www.amazon.in/Fristo-FRB-315-Red-Women-Handbag/dp/B07MNRTDK5/ref=sr_1_294?crid=2M096C61O4MLT&keywords=bags&qid=1675424384&sprefix=ba%2Caps%2C283&sr=8-294
320,https://www.amazon.in/regular-waterproof-storage-college-Backpack/dp/B08BYSL2ZT/ref=sr_1_295?crid=2M096C61O4MLT&keywords=bags&qid=1675424384&sprefix=ba%2Caps%2C283&sr=8-295
321,https://www.amazon.in/ASTRID-Round-Textured-Magical-Maroon/dp/B09DCTPZ2Q/ref=sr_1_296?crid=2M096C61O4MLT&keywords=bags&qid=1675424384&sprefix=ba%2Caps%2C283&sr=8-296
322,https://www.amazon.in/Withit-Cotton-Reusable-Vegetable-Grocery/dp/B07GFH5MN9/ref=sr_1_297?crid=2M096C61O4MLT&keywords=bags&qid=1675424384&sprefix=ba%2Caps%2C283&sr=8-297
323,https://www.amazon.in/Heart-choice-bag-compartment-Waterproof/dp/B0BS99XDQC/ref=sr_1_298?crid=2M096C61O4MLT&keywords=bags&qid=1675424384&sprefix=ba%2Caps%2C283&sr=8-298
324,https://www.amazon.in/uppercase-ltrs-backpack-INVALID-DATA_red/dp/B0B691HSL3/ref=sr_1_299?crid=2M096C61O4MLT&keywords=bags&qid=1675424384&sprefix=ba%2Caps%2C283&sr=8-299
325,https://www.amazon.in/Half-Moon-Travelling-Rucksack-Compartment/dp/B09WDGZ32L/ref=sr_1_300?crid=2M096C61O4MLT&keywords=bags&qid=1675424384&sprefix=ba%2Caps%2C283&sr=8-300
326,https://www.amazon.in/uppercase-Professional-Backpack-resistant-sustainable/dp/B0BR1D4SL1/ref=sr_1_301?crid=2M096C61O4MLT&keywords=bags&qid=1675424384&sprefix=ba%2Caps%2C283&sr=8-301
327,https://www.amazon.in/Szeentp-Casual-Waterproof-Laptop-Backpack/dp/B097YB4C76/ref=sr_1_302?crid=2M096C61O4MLT&keywords=bags&qid=1675424384&sprefix=ba%2Caps%2C283&sr=8-302
328,https://www.amazon.in/i-bag-Executive-Briefcase-Messenger-compartments/dp/B09264P43H/ref=sr_1_303?crid=2M096C61O4MLT&keywords=bags&qid=1675424384&sprefix=ba%2Caps%2C283&sr=8-303
329,https://www.amazon.in/uppercase-Professional-Backpack-resistant-sustainable/dp/B0BRMWDNZ7/ref=sr_1_304?crid=2M096C61O4MLT&keywords=bags&qid=1675424384&sprefix=ba%2Caps%2C283&sr=8-304
330,https://www.amazon.in/Shalimar-Reusable-Grocery-Multipurpose-Green/dp/B097J7KCL4/ref=sr_1_305?crid=2M096C61O4MLT&keywords=bags&qid=1675424385&sprefix=ba%2Caps%2C283&sr=8-305
331,https://www.amazon.in/HP-Odyssey-Backpack-15-6-inch-Laptop/dp/B012K57MYE/ref=sr_1_306?crid=2M096C61O4MLT&keywords=bags&qid=1675424385&sprefix=ba%2Caps%2C283&sr=8-306
